11420	1769725	12672	7
11420	1770116	12672	10
11421	1769725	12672	10
11421	1770118	12672	10
11422	1769725	12672	10
11422	1770116	12672	10
11423	1769725	12672	10
11423	1770117	12672	10
11424	1769725	12672	10
11424	1770120	12672	10
11425	1769725	12672	10
11425	1770119	12672	10
11426	1769725	12672	10
11426	1770116	12672	10
11427	1769725	12672	10
11427	1770120	12672	10
11428	1769725	12672	10
11428	1770122	12672	10
11429	1769725	12672	10
11429	1770121	12672	10
11430	1769725	12672	10
11430	1770121	12672	10
11431	1769725	12672	10
11431	1770122	12672	10
11432	1769725	12672	10
11432	1770122	12672	10
11433	1769725	12672	3
11433	1770116	12672	10
11434	1769725	12673	7
11434	1770116	12673	10
11435	1769725	12673	10
11435	1770118	12673	10
11436	1769725	12673	10
11436	1770116	12673	10
11437	1769725	12673	10
11437	1770117	12673	10
11438	1769725	12673	10
11438	1770120	12673	10
11439	1769725	12673	10
11439	1770119	12673	10
11440	1769725	12673	10
11440	1770116	12673	10
11441	1769725	12673	10
11441	1770120	12673	10
11442	1769725	12673	10
11442	1770122	12673	10
11443	1769725	12673	10
11443	1770121	12673	10
11444	1769725	12673	10
11444	1770121	12673	10
11445	1769725	12673	10
11445	1770122	12673	10
11446	1769725	12673	10
11446	1770122	12673	10
11447	1769725	12673	3
11447	1770116	12673	10
11448	1769579	12674	2
11448	1770123	12674	2
11449	1769579	12674	2
11449	1770124	12674	2
11450	1769579	12674	2
11450	1770125	12674	2
11451	1769605	12674	2
11451	1770127	12674	2
11452	1769605	12674	2
11452	1770126	12674	2
11453	1769580	12674	2
11453	1770129	12674	2
11454	1769580	12674	2
11454	1770128	12674	2
11455	1769579	12675	4
11455	1770123	12675	4
11456	1769579	12675	4
11456	1770124	12675	4
11457	1769579	12675	4
11457	1770125	12675	4
11458	1769605	12675	4
11458	1770127	12675	4
11459	1769605	12675	4
11459	1770126	12675	4
11460	1769580	12675	4
11460	1770129	12675	4
11461	1769580	12675	4
11461	1770128	12675	4
11462	1769579	12676	2
11462	1770123	12676	2
11463	1769579	12676	2
11463	1770124	12676	2
11464	1769579	12676	2
11464	1770125	12676	2
11465	1769605	12676	2
11465	1770127	12676	2
11466	1769605	12676	2
11466	1770126	12676	2
11467	1769580	12676	2
11467	1770129	12676	2
11468	1769580	12676	2
11468	1770128	12676	2
11476	1769579	12677	4
11476	1770123	12677	4
11477	1769579	12677	4
11477	1770124	12677	4
11478	1769579	12677	4
11478	1770125	12677	4
11479	1769605	12677	4
11479	1770127	12677	4
11480	1769605	12677	4
11480	1770126	12677	4
11481	1769580	12677	4
11481	1770129	12677	4
11482	1769580	12677	4
11482	1770128	12677	4
11483	1769579	12678	2
11483	1770123	12678	2
11484	1769579	12678	2
11484	1770124	12678	2
11485	1769579	12678	2
11485	1770125	12678	2
11486	1769605	12678	2
11486	1770127	12678	2
11487	1769605	12678	2
11487	1770126	12678	2
11488	1769580	12678	2
11488	1770129	12678	2
11489	1769580	12678	2
11489	1770128	12678	2
11490	1769579	12680	1
11490	1770123	12680	1
11491	1769579	12680	1
11491	1770124	12680	1
11491	1770125	12680	1
11492	1769605	12680	1
11492	1770126	12680	1
11492	1770127	12680	1
11493	1769580	12680	1
11493	1770129	12680	1
11494	1769580	12680	1
11494	1770128	12680	1
11495	1769579	12680	1
11495	1770123	12680	1
11496	1769579	12680	1
11496	1770124	12680	1
11496	1770125	12680	1
11497	1769605	12680	1
11497	1770126	12680	1
11497	1770127	12680	1
11498	1769580	12680	1
11498	1770129	12680	1
11499	1769580	12680	1
11499	1770128	12680	1
11500	1769579	12680	1
11500	1770123	12680	1
11501	1769579	12680	1
11501	1770124	12680	1
11501	1770125	12680	1
11502	1769605	12680	1
11502	1770126	12680	1
11502	1770127	12680	1
11503	1769580	12680	1
11503	1770129	12680	1
11504	1769580	12680	1
11504	1770128	12680	1
11505	1769579	12680	1
11505	1770123	12680	1
11506	1769579	12680	1
11506	1770124	12680	1
11506	1770125	12680	1
11507	1769605	12680	1
11507	1770126	12680	1
11507	1770127	12680	1
11508	1769580	12680	1
11508	1770129	12680	1
11509	1769580	12680	1
11509	1770128	12680	1
11510	1769581	12684	5
11510	1770130	12684	8
11511	1769581	12684	8
11511	1770132	12684	8
11512	1769581	12684	8
11512	1770130	12684	8
11513	1769581	12684	8
11513	1770131	12684	8
11514	1769606	12684	8
11514	1770134	12684	8
11515	1769606	12684	8
11515	1770133	12684	8
11516	1769581	12684	8
11516	1770130	12684	8
11517	1769606	12684	8
11517	1770134	12684	8
11518	1769582	12684	8
11518	1770136	12684	8
11519	1769582	12684	8
11519	1770135	12684	8
11520	1769582	12684	8
11520	1770135	12684	8
11521	1769582	12684	8
11521	1770136	12684	8
11522	1769582	12684	8
11522	1770136	12684	8
11523	1769581	12684	3
11523	1770130	12684	8
11524	1769581	12683	6
11524	1770130	12683	6
11525	1769581	12683	6
11525	1770131	12683	6
11526	1769581	12683	6
11526	1770132	12683	6
11527	1769606	12683	6
11527	1770134	12683	6
11528	1769606	12683	6
11528	1770133	12683	6
11529	1769582	12683	6
11529	1770136	12683	6
11530	1769582	12683	6
11530	1770135	12683	6
11531	1769581	12684	8
11531	1770130	12684	8
11532	1769581	12684	8
11532	1770131	12684	8
11533	1769581	12684	8
11533	1770132	12684	8
11534	1769606	12684	8
11534	1770134	12684	8
11535	1769606	12684	8
11535	1770133	12684	8
11536	1769582	12684	8
11536	1770136	12684	8
11537	1769582	12684	8
11537	1770135	12684	8
11538	1769581	12682	6
11538	1770130	12682	6
11539	1769581	12682	6
11539	1770131	12682	6
11540	1769581	12682	6
11540	1770132	12682	6
11541	1769606	12682	6
11541	1770134	12682	6
11542	1769606	12682	6
11542	1770133	12682	6
11543	1769582	12682	6
11543	1770136	12682	6
11544	1769582	12682	6
11544	1770135	12682	6
11552	1769581	12683	8
11552	1770130	12683	8
11553	1769581	12683	8
11553	1770131	12683	8
11554	1769581	12683	8
11554	1770132	12683	8
11555	1769606	12683	8
11555	1770134	12683	8
11556	1769606	12683	8
11556	1770133	12683	8
11557	1769582	12683	8
11557	1770136	12683	8
11558	1769582	12683	8
11558	1770135	12683	8
11559	1769581	12682	6
11559	1770130	12682	6
11560	1769581	12682	6
11560	1770131	12682	6
11561	1769581	12682	6
11561	1770132	12682	6
11562	1769606	12682	6
11562	1770134	12682	6
11563	1769606	12682	6
11563	1770133	12682	6
11564	1769582	12682	6
11564	1770136	12682	6
11565	1769582	12682	6
11565	1770135	12682	6
11566	1769581	12681	4
11566	1770130	12681	4
11567	1769581	12681	4
11567	1770131	12681	4
11567	1770132	12681	4
11568	1769606	12681	4
11568	1770133	12681	4
11568	1770134	12681	4
11569	1769582	12681	4
11569	1770136	12681	4
11570	1769582	12681	4
11570	1770135	12681	4
11571	1769581	12681	4
11571	1770130	12681	4
11572	1769581	12681	4
11572	1770131	12681	4
11572	1770132	12681	4
11573	1769606	12681	4
11573	1770133	12681	4
11573	1770134	12681	4
11574	1769582	12681	4
11574	1770136	12681	4
11575	1769582	12681	4
11575	1770135	12681	4
11576	1769581	12681	4
11576	1770130	12681	4
11577	1769581	12681	4
11577	1770131	12681	4
11577	1770132	12681	4
11578	1769606	12681	4
11578	1770133	12681	4
11578	1770134	12681	4
11579	1769582	12681	4
11579	1770136	12681	4
11580	1769582	12681	4
11580	1770135	12681	4
11581	1769581	12681	4
11581	1770130	12681	4
11582	1769581	12681	4
11582	1770131	12681	4
11582	1770132	12681	4
11583	1769606	12681	4
11583	1770133	12681	4
11583	1770134	12681	4
11584	1769582	12681	4
11584	1770136	12681	4
11585	1769582	12681	4
11585	1770135	12681	4
11662	1769572	28	100
11662	1769572	11586	1
11662	1769572	11599	1
11662	1769660	10307	50
11663	1769572	28	100
11663	1769572	11587	1
11663	1769660	10307	70
11664	1769572	28	100
11664	1769572	11588	1
11664	1769660	10307	70
11665	1769572	28	100
11665	1769572	11589	1
11665	1769660	10307	70
11666	1769592	28	100
11666	1769592	11590	1
11666	1769660	10307	70
11667	1769592	28	100
11667	1769592	11591	1
11667	1769660	10307	70
11668	1769572	28	100
11668	1769572	11592	1
11668	1769660	10307	70
11669	1769592	28	100
11669	1769592	11593	1
11669	1769660	10307	70
11670	1769573	28	100
11670	1769573	11594	1
11670	1769661	10307	70
11671	1769573	28	100
11671	1769573	11595	1
11671	1769661	10307	70
11672	1769573	28	100
11672	1769573	11596	1
11672	1769661	10307	70
11673	1769573	28	100
11673	1769573	11597	1
11673	1769661	10307	70
11674	1769573	28	100
11674	1769573	11598	1
11674	1769661	10307	70
11675	1769572	28	100
11675	1769572	11586	1
11675	1769572	11599	1
11675	1769660	10307	20
11676	1769572	28	100
11676	1769572	11600	1
11676	1769660	10307	35
11677	1769572	28	100
11677	1769572	11601	1
11677	1769660	10307	35
11678	1769572	28	100
11678	1769572	11602	1
11678	1769660	10307	35
11679	1769592	28	100
11679	1769592	11603	1
11679	1769660	10307	35
11680	1769592	28	100
11680	1769592	11604	1
11680	1769660	10307	35
11681	1769573	28	100
11681	1769573	11605	1
11681	1769661	10307	35
11682	1769573	28	100
11682	1769573	11606	1
11682	1769661	10307	35
11683	1769572	28	100
11683	1769572	11607	1
11683	1769660	10307	60
11684	1769572	28	100
11684	1769572	11608	1
11684	1769660	10307	60
11685	1769572	28	100
11685	1769572	11609	1
11685	1769660	10307	60
11686	1769592	28	100
11686	1769592	11610	1
11686	1769660	10307	60
11687	1769592	28	100
11687	1769592	11611	1
11687	1769660	10307	60
11688	1769573	28	100
11688	1769573	11612	1
11688	1769661	10307	60
11689	1769573	28	100
11689	1769573	11613	1
11689	1769661	10307	60
11690	1769572	28	100
11690	1769572	11614	1
11690	1769660	10307	35
11691	1769572	28	100
11691	1769572	11615	1
11691	1769660	10307	35
11692	1769572	28	100
11692	1769572	11616	1
11692	1769660	10307	35
11693	1769592	28	100
11693	1769592	11617	1
11693	1769660	10307	35
11694	1769592	28	100
11694	1769592	11618	1
11694	1769660	10307	35
11695	1769573	28	100
11695	1769573	11619	1
11695	1769661	10307	35
11696	1769573	28	100
11696	1769573	11620	1
11696	1769661	10307	35
11704	1769572	28	100
11704	1769572	11628	1
11704	1769660	10307	60
11705	1769572	28	100
11705	1769572	11629	1
11705	1769660	10307	60
11706	1769572	28	100
11706	1769572	11630	1
11706	1769660	10307	60
11707	1769592	28	100
11707	1769592	11631	1
11707	1769660	10307	60
11708	1769592	28	100
11708	1769592	11632	1
11708	1769660	10307	60
11709	1769573	28	100
11709	1769573	11633	1
11709	1769661	10307	60
11710	1769573	28	100
11710	1769573	11634	1
11710	1769661	10307	60
11711	1769572	28	100
11711	1769572	11635	1
11711	1769660	10307	35
11712	1769572	28	100
11712	1769572	11636	1
11712	1769660	10307	35
11713	1769572	28	100
11713	1769572	11637	1
11713	1769660	10307	35
11714	1769592	28	100
11714	1769592	11638	1
11714	1769660	10307	35
11715	1769592	28	100
11715	1769592	11639	1
11715	1769660	10307	35
11716	1769573	28	100
11716	1769573	11640	1
11716	1769661	10307	35
11717	1769573	28	100
11717	1769573	11641	1
11717	1769661	10307	35
11718	1769572	28	100
11718	1769572	11642	1
11718	1769660	10307	25
11719	1769572	28	100
11719	1769572	11643	1
11719	1769660	10307	25
11720	1769592	28	100
11720	1769592	11644	1
11720	1769660	10307	25
11721	1769573	28	100
11721	1769573	11645	1
11721	1769661	10307	25
11722	1769573	28	100
11722	1769573	11646	1
11722	1769661	10307	25
11723	1769572	28	100
11723	1769572	11647	1
11723	1769660	10307	25
11724	1769572	28	100
11724	1769572	11648	1
11724	1769660	10307	25
11725	1769592	28	100
11725	1769592	11649	1
11725	1769660	10307	25
11726	1769573	28	100
11726	1769573	11650	1
11726	1769661	10307	25
11727	1769573	28	100
11727	1769573	11651	1
11727	1769661	10307	25
11728	1769572	28	100
11728	1769572	11652	1
11728	1769660	10307	25
11729	1769572	28	100
11729	1769572	11653	1
11729	1769660	10307	25
11730	1769592	28	100
11730	1769592	11654	1
11730	1769660	10307	25
11731	1769573	28	100
11731	1769573	11655	1
11731	1769661	10307	25
11732	1769573	28	100
11732	1769573	11656	1
11732	1769661	10307	25
11733	1769572	28	100
11733	1769572	11657	1
11733	1769660	10307	25
11734	1769572	28	100
11734	1769572	11658	1
11734	1769660	10307	25
11735	1769592	28	100
11735	1769592	11659	1
11735	1769660	10307	25
11736	1769573	28	100
11736	1769573	11660	1
11736	1769661	10307	25
11737	1769573	28	100
11737	1769573	11661	1
11737	1769661	10307	25
11765	1769574	28	100
11765	1769574	10285	1
11765	1769574	10286	1
11765	1769715	10307	100
11766	1769575	28	100
11766	1769575	10287	1
11766	1769715	10307	140
11767	1769576	28	100
11767	1769576	10288	1
11767	1769715	10307	140
11768	1769593	28	100
11768	1769593	10289	1
11768	1769715	10307	140
11769	1769594	28	100
11769	1769594	10290	1
11769	1769716	10307	140
11770	1769595	28	100
11770	1769595	10291	1
11770	1769716	10307	140
11771	1769600	28	100
11771	1769600	8842	1
11771	1769715	10307	140
11772	1769601	28	100
11772	1769601	8573	1
11772	1769716	10307	140
11773	1769596	28	100
11773	1769596	10292	1
11773	1769717	10307	140
11774	1769597	28	100
11774	1769597	10293	1
11774	1769717	10307	140
11775	1769598	28	100
11775	1769598	10294	1
11775	1769717	10307	140
11776	1769599	28	100
11776	1769599	10295	1
11776	1769717	10307	140
11777	1769602	28	100
11777	1769602	8843	1
11777	1769717	10307	140
11778	1769574	28	100
11778	1769574	10285	1
11778	1769574	10286	1
11778	1769715	10307	40
11779	1769574	28	100
11779	1769574	10180	1
11779	1769715	10307	70
11780	1769574	28	100
11780	1769574	10181	1
11780	1769715	10307	120
11781	1769574	28	100
11781	1769574	10182	1
11781	1769715	10307	70
11782	1769574	28	100
11782	1769574	10183	1
11782	1769715	10307	120
11783	1769574	28	100
11783	1769574	10184	1
11783	1769715	10307	70
11784	1769575	28	100
11784	1769575	10185	1
11784	1769715	10307	70
11785	1769575	28	100
11785	1769575	10186	1
11785	1769715	10307	120
11786	1769575	28	100
11786	1769575	10187	1
11786	1769715	10307	70
11787	1769575	28	100
11787	1769575	10188	1
11787	1769715	10307	120
11788	1769575	28	100
11788	1769575	10189	1
11788	1769715	10307	70
11789	1769576	28	100
11789	1769576	10190	1
11789	1769715	10307	70
11790	1769576	28	100
11790	1769576	10191	1
11790	1769715	10307	120
11791	1769576	28	100
11791	1769576	10192	1
11791	1769715	10307	70
11792	1769576	28	100
11792	1769576	10193	1
11792	1769715	10307	120
11793	1769576	28	100
11793	1769576	10194	1
11793	1769715	10307	70
11794	1769593	28	100
11794	1769593	10195	1
11794	1769715	10307	70
11795	1769593	28	100
11795	1769593	10196	1
11795	1769715	10307	120
11796	1769593	28	100
11796	1769593	10197	1
11796	1769715	10307	70
11797	1769593	28	100
11797	1769593	10198	1
11797	1769715	10307	120
11798	1769593	28	100
11798	1769593	10199	1
11798	1769715	10307	70
11799	1769594	28	100
11799	1769594	10200	1
11799	1769716	10307	70
11800	1769594	28	100
11800	1769594	10201	1
11800	1769716	10307	120
11801	1769594	28	100
11801	1769594	10202	1
11801	1769716	10307	70
11802	1769594	28	100
11802	1769594	10203	1
11802	1769716	10307	120
11803	1769594	28	100
11803	1769594	10204	1
11803	1769716	10307	70
11804	1769595	28	100
11804	1769595	10225	1
11804	1769716	10307	70
11805	1769595	28	100
11805	1769595	10226	1
11805	1769716	10307	120
11806	1769595	28	100
11806	1769595	10227	1
11806	1769716	10307	70
11807	1769595	28	100
11807	1769595	10228	1
11807	1769716	10307	120
11808	1769595	28	100
11808	1769595	10229	1
11808	1769716	10307	70
11809	1769600	28	100
11809	1769600	9630	1
11809	1769715	10307	70
11810	1769600	28	100
11810	1769600	9631	1
11810	1769715	10307	120
11811	1769600	28	100
11811	1769600	9632	1
11811	1769715	10307	70
11812	1769600	28	100
11812	1769600	9633	1
11812	1769715	10307	120
11813	1769600	28	100
11813	1769600	9634	1
11813	1769715	10307	70
11814	1769601	28	100
11814	1769601	9635	1
11814	1769716	10307	70
11815	1769601	28	100
11815	1769601	9636	1
11815	1769716	10307	120
11816	1769601	28	100
11816	1769601	9637	1
11816	1769716	10307	70
11817	1769601	28	100
11817	1769601	9638	1
11817	1769716	10307	120
11818	1769601	28	100
11818	1769601	9639	1
11818	1769716	10307	70
11819	1769596	28	100
11819	1769596	10205	1
11819	1769717	10307	70
11820	1769596	28	100
11820	1769596	10206	1
11820	1769717	10307	120
11821	1769596	28	100
11821	1769596	10207	1
11821	1769717	10307	70
11822	1769596	28	100
11822	1769596	10208	1
11822	1769717	10307	120
11823	1769596	28	100
11823	1769596	10209	1
11823	1769717	10307	70
11824	1769597	28	100
11824	1769597	10210	1
11824	1769717	10307	70
11825	1769597	28	100
11825	1769597	10211	1
11825	1769717	10307	120
11826	1769597	28	100
11826	1769597	10212	1
11826	1769717	10307	70
11827	1769597	28	100
11827	1769597	10213	1
11827	1769717	10307	120
11828	1769597	28	100
11828	1769597	10214	1
11828	1769717	10307	70
11829	1769598	28	100
11829	1769598	10215	1
11829	1769717	10307	70
11830	1769598	28	100
11830	1769598	10216	1
11830	1769717	10307	120
11831	1769598	28	100
11831	1769598	10217	1
11831	1769717	10307	70
11832	1769598	28	100
11832	1769598	10218	1
11832	1769717	10307	120
11833	1769598	28	100
11833	1769598	10219	1
11833	1769717	10307	70
11834	1769599	28	100
11834	1769599	10220	1
11834	1769717	10307	70
11835	1769599	28	100
11835	1769599	10221	1
11835	1769717	10307	120
11836	1769599	28	100
11836	1769599	10222	1
11836	1769717	10307	70
11837	1769599	28	100
11837	1769599	10223	1
11837	1769717	10307	120
11838	1769599	28	100
11838	1769599	10224	1
11838	1769717	10307	70
11839	1769602	28	100
11839	1769602	9640	1
11839	1769717	10307	70
11840	1769602	28	100
11840	1769602	9641	1
11840	1769717	10307	120
11841	1769602	28	100
11841	1769602	9642	1
11841	1769717	10307	70
11842	1769602	28	100
11842	1769602	9643	1
11842	1769717	10307	120
11843	1769602	28	100
11843	1769602	9644	1
11843	1769717	10307	70
11851	1769574	28	100
11851	1769574	11745	1
11851	1769576	28	100
11851	1769576	11745	1
11851	1769600	28	100
11851	1769600	11745	1
11851	1769715	10307	55
11852	1769575	28	100
11852	1769575	11746	1
11852	1769593	28	100
11852	1769593	11746	1
11852	1769715	10307	55
11853	1769594	28	100
11853	1769594	11747	1
11853	1769595	28	100
11853	1769595	11747	1
11853	1769601	28	100
11853	1769601	11747	1
11853	1769716	10307	55
11854	1769596	28	100
11854	1769596	11748	1
11854	1769599	28	100
11854	1769599	11748	1
11854	1769602	28	100
11854	1769602	11748	1
11854	1769717	10307	55
11855	1769597	28	100
11855	1769597	11749	1
11855	1769598	28	100
11855	1769598	11749	1
11855	1769717	10307	55
11856	1769574	28	100
11856	1769574	11750	1
11856	1769576	28	100
11856	1769576	11750	1
11856	1769600	28	100
11856	1769600	11750	1
11856	1769715	10307	55
11857	1769575	28	100
11857	1769575	11751	1
11857	1769593	28	100
11857	1769593	11751	1
11857	1769715	10307	55
11858	1769594	28	100
11858	1769594	11752	1
11858	1769595	28	100
11858	1769595	11752	1
11858	1769601	28	100
11858	1769601	11752	1
11858	1769716	10307	55
11859	1769596	28	100
11859	1769596	11753	1
11859	1769599	28	100
11859	1769599	11753	1
11859	1769602	28	100
11859	1769602	11753	1
11859	1769717	10307	55
11860	1769597	28	100
11860	1769597	11754	1
11860	1769598	28	100
11860	1769598	11754	1
11860	1769717	10307	55
11861	1769574	28	100
11861	1769574	11755	1
11861	1769576	28	100
11861	1769576	11755	1
11861	1769600	28	100
11861	1769600	11755	1
11861	1769715	10307	55
11862	1769575	28	100
11862	1769575	11756	1
11862	1769593	28	100
11862	1769593	11756	1
11862	1769715	10307	55
11863	1769594	28	100
11863	1769594	11757	1
11863	1769595	28	100
11863	1769595	11757	1
11863	1769601	28	100
11863	1769601	11757	1
11863	1769716	10307	55
11864	1769596	28	100
11864	1769596	11758	1
11864	1769599	28	100
11864	1769599	11758	1
11864	1769602	28	100
11864	1769602	11758	1
11864	1769717	10307	55
11865	1769597	28	100
11865	1769597	11759	1
11865	1769598	28	100
11865	1769598	11759	1
11865	1769717	10307	55
11866	1769574	28	100
11866	1769574	11760	1
11866	1769576	28	100
11866	1769576	11760	1
11866	1769600	28	100
11866	1769600	11760	1
11866	1769715	10307	55
11867	1769575	28	100
11867	1769575	11761	1
11867	1769593	28	100
11867	1769593	11761	1
11867	1769715	10307	55
11868	1769594	28	100
11868	1769594	11762	1
11868	1769595	28	100
11868	1769595	11762	1
11868	1769601	28	100
11868	1769601	11762	1
11868	1769716	10307	55
11869	1769596	28	100
11869	1769596	11763	1
11869	1769599	28	100
11869	1769599	11763	1
11869	1769602	28	100
11869	1769602	11763	1
11869	1769717	10307	55
11870	1769597	28	100
11870	1769597	11764	1
11870	1769598	28	100
11870	1769598	11764	1
11870	1769717	10307	55
12280	1770556	25	1400
12281	1770556	25	2000
12282	1770556	25	2000
12283	1770556	25	2000
12284	1770556	25	2000
12285	1770556	25	2000
12286	1770556	25	2000
12287	1770556	25	2000
12288	1770564	25	2000
12289	1770564	25	2000
12290	1770564	25	2000
12291	1770564	25	2000
12292	1770564	25	2000
12293	1770556	25	600
12294	1770572	25	1000
12295	1770572	25	2000
12296	1770572	25	1000
12298	1770572	25	2000
12299	1770572	25	1000
12300	1770572	25	1000
12301	1770572	25	2000
12302	1770572	25	1000
12304	1770572	25	2000
12305	1770572	25	1000
12306	1770572	25	1000
12307	1770572	25	2000
12308	1770572	25	1000
12310	1770572	25	2000
12311	1770572	25	1000
12312	1770572	25	1000
12313	1770572	25	2000
12314	1770572	25	1000
12316	1770572	25	2000
12317	1770572	25	1000
12318	1770572	25	1000
12319	1770572	25	2000
12320	1770572	25	1000
12322	1770572	25	2000
12323	1770572	25	1000
12324	1770582	25	1000
12325	1770582	25	2000
12326	1770582	25	1000
12328	1770582	25	2000
12329	1770582	25	1000
12330	1770582	25	1000
12331	1770582	25	2000
12332	1770582	25	1000
12334	1770582	25	2000
12335	1770582	25	1000
12336	1770572	25	500
12337	1770572	25	500
12338	1770572	25	500
12339	1770572	25	500
12340	1770572	25	500
12341	1770572	25	500
12342	1770572	25	500
12343	1770572	25	500
12344	1770572	25	500
12345	1770572	25	500
12346	1770572	25	500
12347	1770572	25	500
12348	1770582	25	500
12349	1770582	25	500
12350	1770582	25	500
12351	1770582	25	500
12352	1770582	25	500
12353	1770582	25	500
12354	1770582	25	500
12355	1770582	25	500
13237	1769726	13627	7
13237	1770116	13627	10
13238	1769726	13627	10
13238	1770118	13627	10
13239	1769726	13627	10
13239	1770116	13627	10
13240	1769726	13627	10
13240	1770117	13627	10
13241	1769726	13627	10
13241	1770120	13627	10
13242	1769726	13627	10
13242	1770119	13627	10
13243	1769726	13627	10
13243	1770116	13627	10
13244	1769726	13627	10
13244	1770120	13627	10
13245	1769726	13627	10
13245	1770122	13627	10
13246	1769726	13627	10
13246	1770121	13627	10
13247	1769726	13627	10
13247	1770121	13627	10
13248	1769726	13627	10
13248	1770122	13627	10
13249	1769726	13627	10
13249	1770122	13627	10
13250	1769726	13627	3
13250	1770116	13627	10
14016	1769727	14300	7
14016	1770116	14300	10
14017	1769727	14300	10
14017	1770118	14300	10
14018	1769727	14300	10
14018	1770116	14300	10
14019	1769727	14300	10
14019	1770117	14300	10
14020	1769727	14300	10
14020	1770120	14300	10
14021	1769727	14300	10
14021	1770119	14300	10
14022	1769727	14300	10
14022	1770122	14300	10
14023	1769727	14300	10
14023	1770121	14300	10
14024	1769727	14300	10
14024	1770121	14300	10
14025	1769727	14300	10
14025	1770122	14300	10
14026	1769727	14300	10
14026	1770116	14300	10
14027	1769727	14300	10
14027	1770120	14300	10
14028	1769727	14300	10
14028	1770122	14300	10
14029	1769727	14300	3
14029	1770116	14300	10
14388	1769655	28	100
14388	1769655	14312	1
14388	1769655	14325	1
14388	1769729	28	430
14388	1770144	28	600
14389	1769655	28	100
14389	1769655	14313	1
14389	1769729	28	600
14389	1770146	28	600
14390	1769655	28	100
14390	1769655	14314	1
14390	1769729	28	600
14390	1770144	28	600
14391	1769655	28	100
14391	1769655	14315	1
14391	1769729	28	600
14391	1770145	28	600
14392	1769656	28	100
14392	1769656	14316	1
14392	1769729	28	600
14392	1770148	28	600
14393	1769656	28	100
14393	1769656	14317	1
14393	1769729	28	600
14393	1770147	28	600
14394	1769655	28	100
14394	1769655	14318	1
14394	1769729	28	600
14394	1770144	28	600
14395	1769656	28	100
14395	1769656	14319	1
14395	1769729	28	600
14395	1770148	28	600
14396	1769657	28	100
14396	1769657	14320	1
14396	1769729	28	600
14396	1770150	28	600
14397	1769657	28	100
14397	1769657	14321	1
14397	1769729	28	600
14397	1770149	28	600
14398	1769657	28	100
14398	1769657	14322	1
14398	1769729	28	600
14398	1770149	28	600
14399	1769657	28	100
14399	1769657	14323	1
14399	1769729	28	600
14399	1770150	28	600
14400	1769657	28	100
14400	1769657	14324	1
14400	1769729	28	600
14400	1770150	28	600
14401	1769655	28	100
14401	1769655	14312	1
14401	1769655	14325	1
14401	1769729	28	170
14401	1770144	28	600
14402	1769649	28	345
14402	1769655	28	100
14402	1769655	14326	1
14402	1770144	28	345
14403	1769649	28	345
14403	1769655	28	100
14403	1769655	14327	1
14403	1770145	28	345
14404	1769649	28	345
14404	1769655	28	100
14404	1769655	14328	1
14404	1770146	28	345
14405	1769649	28	345
14405	1769656	28	100
14405	1769656	14329	1
14405	1770148	28	345
14406	1769649	28	345
14406	1769656	28	100
14406	1769656	14330	1
14406	1770147	28	345
14407	1769651	28	345
14407	1769657	28	100
14407	1769657	14331	1
14407	1770150	28	345
14408	1769651	28	345
14408	1769657	28	100
14408	1769657	14332	1
14408	1770149	28	345
14409	1769649	28	510
14409	1769655	28	100
14409	1769655	14333	1
14409	1770144	28	510
14410	1769649	28	510
14410	1769655	28	100
14410	1769655	14334	1
14410	1770145	28	510
14411	1769649	28	510
14411	1769655	28	100
14411	1769655	14335	1
14411	1770146	28	510
14412	1769649	28	510
14412	1769656	28	100
14412	1769656	14336	1
14412	1770148	28	510
14413	1769649	28	510
14413	1769656	28	100
14413	1769656	14337	1
14413	1770147	28	510
14414	1769651	28	510
14414	1769657	28	100
14414	1769657	14338	1
14414	1770150	28	510
14415	1769651	28	510
14415	1769657	28	100
14415	1769657	14339	1
14415	1770149	28	510
14416	1769649	28	345
14416	1769655	28	100
14416	1769655	14340	1
14416	1770144	28	345
14417	1769649	28	345
14417	1769655	28	100
14417	1769655	14341	1
14417	1770145	28	345
14418	1769649	28	345
14418	1769655	28	100
14418	1769655	14342	1
14418	1770146	28	345
14419	1769649	28	345
14419	1769656	28	100
14419	1769656	14343	1
14419	1770148	28	345
14420	1769649	28	345
14420	1769656	28	100
14420	1769656	14344	1
14420	1770147	28	345
14421	1769651	28	345
14421	1769657	28	100
14421	1769657	14345	1
14421	1770150	28	345
14422	1769651	28	345
14422	1769657	28	100
14422	1769657	14346	1
14422	1770149	28	345
14430	1769649	28	510
14430	1769655	28	100
14430	1769655	14354	1
14430	1770144	28	510
14431	1769649	28	510
14431	1769655	28	100
14431	1769655	14355	1
14431	1770145	28	510
14432	1769649	28	510
14432	1769655	28	100
14432	1769655	14356	1
14432	1770146	28	510
14433	1769649	28	510
14433	1769656	28	100
14433	1769656	14357	1
14433	1770148	28	510
14434	1769649	28	510
14434	1769656	28	100
14434	1769656	14358	1
14434	1770147	28	510
14435	1769651	28	510
14435	1769657	28	100
14435	1769657	14359	1
14435	1770150	28	510
14436	1769651	28	510
14436	1769657	28	100
14436	1769657	14360	1
14436	1770149	28	510
14437	1769649	28	345
14437	1769655	28	100
14437	1769655	14361	1
14437	1770144	28	345
14438	1769649	28	345
14438	1769655	28	100
14438	1769655	14362	1
14438	1770145	28	345
14439	1769649	28	345
14439	1769655	28	100
14439	1769655	14363	1
14439	1770146	28	345
14440	1769649	28	345
14440	1769656	28	100
14440	1769656	14364	1
14440	1770148	28	345
14441	1769649	28	345
14441	1769656	28	100
14441	1769656	14365	1
14441	1770147	28	345
14442	1769651	28	345
14442	1769657	28	100
14442	1769657	14366	1
14442	1770150	28	345
14443	1769651	28	345
14443	1769657	28	100
14443	1769657	14367	1
14443	1770149	28	345
14444	1769649	28	280
14444	1769655	28	100
14444	1769655	14368	1
14444	1770144	28	280
14445	1769649	28	280
14445	1769655	28	100
14445	1769655	14369	1
14445	1770145	28	280
14445	1770146	28	280
14446	1769649	28	280
14446	1769656	28	100
14446	1769656	14370	1
14446	1770147	28	280
14446	1770148	28	280
14447	1769651	28	280
14447	1769657	28	100
14447	1769657	14371	1
14447	1770150	28	280
14448	1769651	28	280
14448	1769657	28	100
14448	1769657	14372	1
14448	1770149	28	280
14449	1769649	28	280
14449	1769655	28	100
14449	1769655	14373	1
14449	1770144	28	280
14450	1769649	28	280
14450	1769655	28	100
14450	1769655	14374	1
14450	1770145	28	280
14450	1770146	28	280
14451	1769649	28	280
14451	1769656	28	100
14451	1769656	14375	1
14451	1770147	28	280
14451	1770148	28	280
14452	1769651	28	280
14452	1769657	28	100
14452	1769657	14376	1
14452	1770150	28	280
14453	1769651	28	280
14453	1769657	28	100
14453	1769657	14377	1
14453	1770149	28	280
14454	1769649	28	280
14454	1769655	28	100
14454	1769655	14378	1
14454	1770144	28	280
14455	1769649	28	280
14455	1769655	28	100
14455	1769655	14379	1
14455	1770145	28	280
14455	1770146	28	280
14456	1769649	28	280
14456	1769656	28	100
14456	1769656	14380	1
14456	1770147	28	280
14456	1770148	28	280
14457	1769651	28	280
14457	1769657	28	100
14457	1769657	14381	1
14457	1770150	28	280
14458	1769651	28	280
14458	1769657	28	100
14458	1769657	14382	1
14458	1770149	28	280
14459	1769649	28	280
14459	1769655	28	100
14459	1769655	14383	1
14459	1770144	28	280
14460	1769649	28	280
14460	1769655	28	100
14460	1769655	14384	1
14460	1770145	28	280
14460	1770146	28	280
14461	1769649	28	280
14461	1769656	28	100
14461	1769656	14385	1
14461	1770147	28	280
14461	1770148	28	280
14462	1769651	28	280
14462	1769657	28	100
14462	1769657	14386	1
14462	1770150	28	280
14463	1769651	28	280
14463	1769657	28	100
14463	1769657	14387	1
14463	1770149	28	280
14512	1769643	14301	2
14512	1770137	14301	2
14513	1769643	14301	2
14513	1770138	14301	2
14514	1769643	14301	2
14514	1770139	14301	2
14515	1769644	14301	2
14515	1770141	14301	2
14516	1769644	14301	2
14516	1770140	14301	2
14517	1769645	14301	2
14517	1770143	14301	2
14518	1769645	14301	2
14518	1770142	14301	2
14519	1769643	14302	4
14519	1770137	14302	4
14520	1769643	14302	4
14520	1770138	14302	4
14521	1769643	14302	4
14521	1770139	14302	4
14522	1769644	14302	4
14522	1770141	14302	4
14523	1769644	14302	4
14523	1770140	14302	4
14524	1769645	14302	4
14524	1770143	14302	4
14525	1769645	14302	4
14525	1770142	14302	4
14526	1769643	14303	2
14526	1770137	14303	2
14527	1769643	14303	2
14527	1770138	14303	2
14528	1769643	14303	2
14528	1770139	14303	2
14529	1769644	14303	2
14529	1770141	14303	2
14530	1769644	14303	2
14530	1770140	14303	2
14531	1769645	14303	2
14531	1770143	14303	2
14532	1769645	14303	2
14532	1770142	14303	2
14540	1769643	14304	4
14540	1770137	14304	4
14541	1769643	14304	4
14541	1770138	14304	4
14542	1769643	14304	4
14542	1770139	14304	4
14543	1769644	14304	4
14543	1770141	14304	4
14544	1769644	14304	4
14544	1770140	14304	4
14545	1769645	14304	4
14545	1770143	14304	4
14546	1769645	14304	4
14546	1770142	14304	4
14547	1769643	14305	2
14547	1770137	14305	2
14548	1769643	14305	2
14548	1770138	14305	2
14549	1769643	14305	2
14549	1770139	14305	2
14550	1769644	14305	2
14550	1770141	14305	2
14551	1769644	14305	2
14551	1770140	14305	2
14552	1769645	14305	2
14552	1770143	14305	2
14553	1769645	14305	2
14553	1770142	14305	2
14554	1769643	14307	1
14554	1770137	14307	1
14555	1769643	14307	1
14555	1770138	14307	1
14555	1770139	14307	1
14556	1769644	14307	1
14556	1770140	14307	1
14556	1770141	14307	1
14557	1769645	14307	1
14557	1770143	14307	1
14558	1769645	14307	1
14558	1770142	14307	1
14559	1769643	14307	1
14559	1770137	14307	1
14560	1769643	14307	1
14560	1770138	14307	1
14560	1770139	14307	1
14561	1769644	14307	1
14561	1770140	14307	1
14561	1770141	14307	1
14562	1769645	14307	1
14562	1770143	14307	1
14563	1769645	14307	1
14563	1770142	14307	1
14564	1769643	14307	1
14564	1770137	14307	1
14565	1769643	14307	1
14565	1770138	14307	1
14565	1770139	14307	1
14566	1769644	14307	1
14566	1770140	14307	1
14566	1770141	14307	1
14567	1769645	14307	1
14567	1770143	14307	1
14568	1769645	14307	1
14568	1770142	14307	1
14569	1769643	14307	1
14569	1770137	14307	1
14570	1769643	14307	1
14570	1770138	14307	1
14570	1770139	14307	1
14571	1769644	14307	1
14571	1770140	14307	1
14571	1770141	14307	1
14572	1769645	14307	1
14572	1770143	14307	1
14573	1769645	14307	1
14573	1770142	14307	1
14574	1769646	14311	5
14574	1770151	14311	8
14575	1769646	14311	8
14575	1770153	14311	8
14576	1769646	14311	8
14576	1770151	14311	8
14577	1769646	14311	8
14577	1770152	14311	8
14578	1769647	14311	8
14578	1770155	14311	8
14579	1769647	14311	8
14579	1770154	14311	8
14580	1769646	14311	8
14580	1770151	14311	8
14581	1769647	14311	8
14581	1770155	14311	8
14582	1769648	14311	8
14582	1770157	14311	8
14583	1769648	14311	8
14583	1770156	14311	8
14584	1769648	14311	8
14584	1770156	14311	8
14585	1769648	14311	8
14585	1770157	14311	8
14586	1769648	14311	8
14586	1770157	14311	8
14587	1769646	14311	3
14587	1770151	14311	8
14588	1769646	14309	6
14588	1770151	14309	6
14589	1769646	14309	6
14589	1770152	14309	6
14590	1769646	14309	6
14590	1770153	14309	6
14591	1769647	14309	6
14591	1770155	14309	6
14592	1769647	14309	6
14592	1770154	14309	6
14593	1769648	14309	6
14593	1770157	14309	6
14594	1769648	14309	6
14594	1770156	14309	6
14595	1769646	14311	8
14595	1770151	14311	8
14596	1769646	14311	8
14596	1770152	14311	8
14597	1769646	14311	8
14597	1770153	14311	8
14598	1769647	14311	8
14598	1770155	14311	8
14599	1769647	14311	8
14599	1770154	14311	8
14600	1769648	14311	8
14600	1770157	14311	8
14601	1769648	14311	8
14601	1770156	14311	8
14602	1769646	14309	6
14602	1770151	14309	6
14603	1769646	14309	6
14603	1770152	14309	6
14604	1769646	14309	6
14604	1770153	14309	6
14605	1769647	14309	6
14605	1770155	14309	6
14606	1769647	14309	6
14606	1770154	14309	6
14607	1769648	14309	6
14607	1770157	14309	6
14608	1769648	14309	6
14608	1770156	14309	6
14616	1769646	14310	8
14616	1770151	14310	8
14617	1769646	14310	8
14617	1770152	14310	8
14618	1769646	14310	8
14618	1770153	14310	8
14619	1769647	14310	8
14619	1770155	14310	8
14620	1769647	14310	8
14620	1770154	14310	8
14621	1769648	14310	8
14621	1770157	14310	8
14622	1769648	14310	8
14622	1770156	14310	8
14623	1769646	14309	6
14623	1770151	14309	6
14624	1769646	14309	6
14624	1770152	14309	6
14625	1769646	14309	6
14625	1770153	14309	6
14626	1769647	14309	6
14626	1770155	14309	6
14627	1769647	14309	6
14627	1770154	14309	6
14628	1769648	14309	6
14628	1770157	14309	6
14629	1769648	14309	6
14629	1770156	14309	6
14630	1769646	14308	4
14630	1770151	14308	4
14631	1769646	14308	4
14631	1770152	14308	4
14631	1770153	14308	4
14632	1769647	14308	4
14632	1770154	14308	4
14632	1770155	14308	4
14633	1769648	14308	4
14633	1770157	14308	4
14634	1769648	14308	4
14634	1770156	14308	4
14635	1769646	14308	4
14635	1770151	14308	4
14636	1769646	14308	4
14636	1770152	14308	4
14636	1770153	14308	4
14637	1769647	14308	4
14637	1770154	14308	4
14637	1770155	14308	4
14638	1769648	14308	4
14638	1770157	14308	4
14639	1769648	14308	4
14639	1770156	14308	4
14640	1769646	14308	4
14640	1770151	14308	4
14641	1769646	14308	4
14641	1770152	14308	4
14641	1770153	14308	4
14642	1769647	14308	4
14642	1770154	14308	4
14642	1770155	14308	4
14643	1769648	14308	4
14643	1770157	14308	4
14644	1769648	14308	4
14644	1770156	14308	4
14645	1769646	14308	4
14645	1770151	14308	4
14646	1769646	14308	4
14646	1770152	14308	4
14646	1770153	14308	4
14647	1769647	14308	4
14647	1770154	14308	4
14647	1770155	14308	4
14648	1769648	14308	4
14648	1770157	14308	4
14649	1769648	14308	4
14649	1770156	14308	4
14754	1770557	25	1400
14755	1770557	25	2000
14756	1770557	25	2000
14757	1770557	25	2000
14758	1770557	25	2000
14759	1770557	25	2000
14760	1770557	25	2000
14761	1770557	25	2000
14762	1770565	25	2000
14763	1770565	25	2000
14764	1770565	25	2000
14765	1770565	25	2000
14766	1770565	25	2000
14767	1770557	25	600
14768	1770573	25	1000
14769	1770573	25	2000
14770	1770573	25	1000
14771	1770573	25	2000
14772	1770573	25	1000
14773	1770573	25	1000
14774	1770573	25	2000
14775	1770573	25	1000
14776	1770573	25	2000
14777	1770573	25	1000
14778	1770573	25	1000
14779	1770573	25	2000
14780	1770573	25	1000
14781	1770573	25	2000
14782	1770573	25	1000
14783	1770573	25	1000
14784	1770573	25	2000
14785	1770573	25	1000
14786	1770573	25	2000
14787	1770573	25	1000
14788	1770573	25	1000
14789	1770573	25	2000
14790	1770573	25	1000
14791	1770573	25	2000
14792	1770573	25	1000
14793	1770583	25	1000
14794	1770583	25	2000
14795	1770583	25	1000
14796	1770583	25	2000
14797	1770583	25	1000
14798	1770583	25	1000
14799	1770583	25	2000
14800	1770583	25	1000
14801	1770583	25	2000
14802	1770583	25	1000
14810	1770573	25	500
14811	1770573	25	500
14812	1770573	25	500
14813	1770573	25	500
14814	1770573	25	500
14815	1770573	25	500
14816	1770573	25	500
14817	1770573	25	500
14818	1770573	25	500
14819	1770573	25	500
14820	1770573	25	500
14821	1770573	25	500
14822	1770583	25	500
14823	1770583	25	500
14824	1770583	25	500
14825	1770583	25	500
14826	1770583	25	500
14827	1770583	25	500
14828	1770583	25	500
14829	1770583	25	500
15181	1769869	23165	3
15182	1769869	23165	3
15183	1769869	23165	3
15184	1769869	23165	3
15185	1769869	23165	3
15186	1769869	23165	3
15187	1769869	23165	3
15188	1769869	23165	3
15189	1769869	23165	3
15190	1769869	23165	3
15191	1769869	23165	3
15192	1769869	23165	3
15193	1769869	23165	3
15194	1769869	23165	3
15303	1769726	15421	7
15303	1770116	15421	10
15304	1769726	15421	10
15304	1770118	15421	10
15305	1769726	15421	10
15305	1770116	15421	10
15306	1769726	15421	10
15306	1770117	15421	10
15307	1769726	15421	10
15307	1770120	15421	10
15308	1769726	15421	10
15308	1770119	15421	10
15309	1769726	15421	10
15309	1770116	15421	10
15310	1769726	15421	10
15310	1770120	15421	10
15311	1769726	15421	10
15311	1770122	15421	10
15312	1769726	15421	10
15312	1770121	15421	10
15313	1769726	15421	10
15313	1770121	15421	10
15314	1769726	15421	10
15314	1770122	15421	10
15315	1769726	15421	10
15315	1770122	15421	10
15316	1769726	15421	3
15316	1770116	15421	10
15654	1769676	10296	1
15654	1769676	14104	13
15655	1769676	10297	1
15655	1769676	14104	13
15656	1769676	10298	1
15656	1769676	14104	13
15657	1769676	10299	1
15657	1769676	14104	13
15658	1769676	10300	1
15658	1769676	14104	13
15659	1769676	10301	1
15659	1769676	14104	13
15660	1769676	10302	1
15660	1769676	14104	13
15661	1769676	10303	1
15661	1769676	14104	13
15662	1769678	10304	1
15662	1769678	14105	15
15663	1769678	10305	1
15663	1769678	14105	15
15664	1769678	10306	1
15664	1769678	14105	15
15665	1769677	10230	1
15665	1769677	14104	5
15666	1769677	10231	1
15666	1769677	14104	9
15667	1769677	10232	1
15667	1769677	14104	5
15668	1769677	10233	1
15668	1769677	14104	4
15669	1769677	10234	1
15669	1769677	14104	4
15670	1769677	10235	1
15670	1769677	14104	5
15671	1769677	10236	1
15671	1769677	14104	9
15672	1769677	10237	1
15672	1769677	14104	5
15673	1769677	10238	1
15673	1769677	14104	4
15674	1769677	10239	1
15674	1769677	14104	4
15675	1769677	10240	1
15675	1769677	14104	5
15676	1769677	10241	1
15676	1769677	14104	9
15677	1769677	10242	1
15677	1769677	14104	5
15678	1769677	10243	1
15678	1769677	14104	4
15679	1769677	10244	1
15679	1769677	14104	4
15680	1769677	10245	1
15680	1769677	14104	5
15681	1769677	10246	1
15681	1769677	14104	9
15682	1769677	10247	1
15682	1769677	14104	5
15683	1769677	10248	1
15683	1769677	14104	4
15684	1769677	10249	1
15684	1769677	14104	4
15685	1769677	10250	1
15685	1769677	14104	5
15686	1769677	10251	1
15686	1769677	14104	9
15687	1769677	10252	1
15687	1769677	14104	5
15688	1769677	10253	1
15688	1769677	14104	4
15689	1769677	10254	1
15689	1769677	14104	4
15690	1769677	10255	1
15690	1769677	14104	5
15691	1769677	10256	1
15691	1769677	14104	9
15692	1769677	10257	1
15692	1769677	14104	5
15693	1769677	10258	1
15693	1769677	14104	4
15694	1769677	10259	1
15694	1769677	14104	4
15695	1769677	10260	1
15695	1769677	14104	5
15696	1769677	10261	1
15696	1769677	14104	9
15697	1769677	10262	1
15697	1769677	14104	5
15698	1769677	10263	1
15698	1769677	14104	4
15699	1769677	10264	1
15699	1769677	14104	4
15700	1769677	10265	1
15700	1769677	14104	5
15701	1769677	10266	1
15701	1769677	14104	9
15702	1769677	10267	1
15702	1769677	14104	5
15703	1769677	10268	1
15703	1769677	14104	4
15704	1769677	10269	1
15704	1769677	14104	4
15705	1769679	10270	1
15705	1769679	14105	6
15706	1769679	10271	1
15706	1769679	14105	9
15707	1769679	10272	1
15707	1769679	14105	4
15708	1769679	10273	1
15708	1769679	14105	3
15709	1769679	10274	1
15709	1769679	14105	3
15710	1769679	10275	1
15710	1769679	14105	6
15711	1769679	10276	1
15711	1769679	14105	9
15712	1769679	10277	1
15712	1769679	14105	4
15713	1769679	10278	1
15713	1769679	14105	3
15714	1769679	10279	1
15714	1769679	14105	3
15715	1769679	10280	1
15715	1769679	14105	6
15716	1769679	10281	1
15716	1769679	14105	9
15717	1769679	10282	1
15717	1769679	14105	4
15718	1769679	10283	1
15718	1769679	14105	3
15719	1769679	10284	1
15719	1769679	14105	3
15873	1769676	14104	13
15873	1769676	14106	1
15874	1769676	14104	13
15874	1769676	14107	1
15875	1769676	14104	13
15875	1769676	14108	1
15876	1769676	14104	13
15876	1769676	14109	1
15877	1769676	14104	13
15877	1769676	14110	1
15878	1769676	14104	13
15878	1769676	14111	1
15879	1769676	14104	13
15879	1769676	14112	1
15880	1769676	14104	13
15880	1769676	14113	1
15881	1769678	14105	15
15881	1769678	14114	1
15882	1769678	14105	15
15882	1769678	14115	1
15884	1769738	14104	3
15884	1769738	14117	1
15885	1769738	14104	3
15885	1769738	14118	1
15886	1769738	14104	3
15886	1769738	14119	1
15887	1769738	14104	2
15887	1769738	14120	1
15889	1769739	14105	3
15889	1769739	14122	1
15890	1769739	14105	3
15890	1769739	14123	1
15891	1769739	14105	3
15891	1769739	14124	1
15892	1769739	14105	2
15892	1769739	14125	1
16067	1769743	25	2800
16068	1769743	25	4000
16069	1769743	25	4000
16070	1769743	25	4000
16071	1769744	25	4000
16072	1769743	25	4000
16073	1769743	25	4000
16074	1769744	25	4000
16075	1769744	25	4000
16076	1769744	25	4000
16077	1769744	25	4000
16078	1769744	25	4000
16079	1769744	25	4000
16080	1769743	25	1200
16081	1769743	25	2000
16082	1769743	25	4000
16083	1769743	25	2000
16084	1769743	25	4000
16085	1769743	25	2000
16086	1769743	25	2000
16087	1769743	25	4000
16088	1769743	25	2000
16089	1769743	25	4000
16090	1769743	25	2000
16091	1769743	25	2000
16092	1769743	25	4000
16093	1769743	25	2000
16094	1769743	25	4000
16095	1769743	25	2000
16096	1769743	25	2000
16097	1769743	25	4000
16098	1769743	25	2000
16099	1769743	25	4000
16100	1769743	25	2000
16101	1769743	25	2000
16102	1769743	25	4000
16103	1769743	25	2000
16104	1769743	25	4000
16105	1769743	25	2000
16106	1769743	25	2000
16107	1769743	25	4000
16108	1769743	25	2000
16109	1769743	25	4000
16110	1769743	25	2000
16111	1769743	25	2000
16112	1769743	25	4000
16113	1769743	25	2000
16114	1769743	25	4000
16115	1769743	25	2000
16116	1769744	25	2000
16117	1769744	25	4000
16118	1769744	25	2000
16119	1769744	25	4000
16120	1769744	25	2000
16121	1769744	25	2000
16122	1769744	25	4000
16123	1769744	25	2000
16124	1769744	25	4000
16125	1769744	25	2000
16126	1769744	25	2000
16127	1769744	25	4000
16128	1769744	25	2000
16129	1769744	25	4000
16130	1769744	25	2000
16131	1769744	25	2000
16132	1769744	25	4000
16133	1769744	25	2000
16134	1769744	25	4000
16135	1769744	25	2000
16136	1769744	25	2000
16137	1769744	25	4000
16138	1769744	25	2000
16139	1769744	25	4000
16140	1769744	25	2000
16141	1769744	25	2000
16142	1769744	25	4000
16143	1769744	25	2000
16144	1769744	25	4000
16145	1769744	25	2000
16152	1769869	15181	1
16152	1769869	15194	1
16152	1769869	23165	6
16153	1769869	15182	1
16153	1769869	23165	6
16154	1769869	15183	1
16154	1769869	23165	6
16155	1769869	15184	1
16155	1769869	23165	6
16156	1769869	15185	1
16156	1769869	23165	6
16157	1769869	15186	1
16157	1769869	23165	6
16158	1769869	15187	1
16158	1769869	23165	6
16159	1769869	15188	1
16159	1769869	23165	6
16160	1769869	15189	1
16160	1769869	23165	6
16161	1769869	15190	1
16161	1769869	23165	6
16162	1769869	15191	1
16162	1769869	23165	6
16163	1769869	15192	1
16163	1769869	23165	6
16164	1769869	15193	1
16164	1769869	23165	6
16165	1769869	15181	1
16165	1769869	15194	1
16165	1769869	23165	6
16174	1769727	16188	7
16174	1770116	16188	10
16175	1769727	16188	10
16175	1770118	16188	10
16176	1769727	16188	10
16176	1770116	16188	10
16177	1769727	16188	10
16177	1770117	16188	10
16178	1769727	16188	10
16178	1770120	16188	10
16179	1769727	16188	10
16179	1770119	16188	10
16180	1769727	16188	10
16180	1770116	16188	10
16181	1769727	16188	10
16181	1770120	16188	10
16182	1769727	16188	10
16182	1770122	16188	10
16183	1769727	16188	10
16183	1770121	16188	10
16184	1769727	16188	10
16184	1770121	16188	10
16185	1769727	16188	10
16185	1770122	16188	10
16186	1769727	16188	10
16186	1770122	16188	10
16187	1769727	16188	3
16187	1770116	16188	10
16327	1769734	28	100
16327	1769734	16251	1
16327	1769734	16264	1
16327	1769737	28	430
16327	1769988	12995	5
16327	1770165	28	600
16327	1770304	28	100
16327	1770304	16251	1
16327	1770304	16264	1
16328	1769734	28	100
16328	1769734	16252	1
16328	1769737	28	600
16328	1769988	12995	5
16328	1770167	28	600
16328	1770304	28	100
16328	1770304	16252	1
16329	1769734	28	100
16329	1769734	16253	1
16329	1769737	28	600
16329	1769988	12995	5
16329	1770165	28	600
16329	1770304	28	100
16329	1770304	16253	1
16330	1769734	28	100
16330	1769734	16254	1
16330	1769737	28	600
16330	1769988	12995	5
16330	1770166	28	600
16330	1770304	28	100
16330	1770304	16254	1
16331	1769735	28	100
16331	1769735	16255	1
16331	1769737	28	600
16331	1769988	12995	5
16331	1770169	28	600
16331	1770304	28	100
16331	1770304	16255	1
16332	1769735	28	100
16332	1769735	16256	1
16332	1769737	28	600
16332	1769988	12995	5
16332	1770168	28	600
16332	1770304	28	100
16332	1770304	16256	1
16333	1769734	28	100
16333	1769734	16257	1
16333	1769737	28	600
16333	1769988	12995	5
16333	1770165	28	600
16333	1770304	28	100
16333	1770304	16257	1
16334	1769735	28	100
16334	1769735	16258	1
16334	1769737	28	600
16334	1769988	12995	5
16334	1770169	28	600
16334	1770304	28	100
16334	1770304	16258	1
16335	1769736	28	100
16335	1769736	16259	1
16335	1769737	28	600
16335	1769988	12995	5
16335	1770171	28	600
16335	1770305	28	100
16335	1770305	16259	1
16336	1769736	28	100
16336	1769736	16260	1
16336	1769737	28	600
16336	1769988	12995	5
16336	1770170	28	600
16336	1770305	28	100
16336	1770305	16260	1
16337	1769736	28	100
16337	1769736	16261	1
16337	1769737	28	600
16337	1769988	12995	5
16337	1770170	28	600
16337	1770305	28	100
16337	1770305	16261	1
16338	1769736	28	100
16338	1769736	16262	1
16338	1769737	28	600
16338	1769988	12995	5
16338	1770171	28	600
16338	1770305	28	100
16338	1770305	16262	1
16339	1769736	28	100
16339	1769736	16263	1
16339	1769737	28	600
16339	1769988	12995	5
16339	1770171	28	600
16339	1770305	28	100
16339	1770305	16263	1
16340	1769734	28	100
16340	1769734	16251	1
16340	1769734	16264	1
16340	1769737	28	170
16340	1769988	12995	5
16340	1770165	28	600
16340	1770304	28	100
16340	1770304	16251	1
16340	1770304	16264	1
16341	1769732	28	345
16341	1769734	28	100
16341	1769734	16265	1
16341	1770165	28	345
16341	1770304	28	100
16341	1770304	16265	1
16342	1769732	28	510
16342	1769734	28	100
16342	1769734	16266	1
16342	1769988	12995	5
16342	1770165	28	510
16342	1770304	28	100
16342	1770304	16266	1
16343	1769732	28	345
16343	1769734	28	100
16343	1769734	16267	1
16343	1770165	28	345
16343	1770304	28	100
16343	1770304	16267	1
16344	1769732	28	510
16344	1769734	28	100
16344	1769734	16268	1
16344	1769988	12995	5
16344	1770165	28	510
16344	1770304	28	100
16344	1770304	16268	1
16345	1769732	28	345
16345	1769734	28	100
16345	1769734	16269	1
16345	1770165	28	345
16345	1770304	28	100
16345	1770304	16269	1
16347	1769732	28	345
16347	1769734	28	100
16347	1769734	16271	1
16347	1770166	28	345
16347	1770304	28	100
16347	1770304	16271	1
16348	1769732	28	510
16348	1769734	28	100
16348	1769734	16272	1
16348	1769988	12995	5
16348	1770166	28	510
16348	1770304	28	100
16348	1770304	16272	1
16349	1769732	28	345
16349	1769734	28	100
16349	1769734	16273	1
16349	1770166	28	345
16349	1770304	28	100
16349	1770304	16273	1
16350	1769732	28	510
16350	1769734	28	100
16350	1769734	16274	1
16350	1769988	12995	5
16350	1770166	28	510
16350	1770304	28	100
16350	1770304	16274	1
16351	1769732	28	345
16351	1769734	28	100
16351	1769734	16275	1
16351	1770166	28	345
16351	1770304	28	100
16351	1770304	16275	1
16353	1769732	28	345
16353	1769734	28	100
16353	1769734	16277	1
16353	1770167	28	345
16353	1770304	28	100
16353	1770304	16277	1
16354	1769732	28	510
16354	1769734	28	100
16354	1769734	16278	1
16354	1769988	12995	5
16354	1770167	28	510
16354	1770304	28	100
16354	1770304	16278	1
16355	1769732	28	345
16355	1769734	28	100
16355	1769734	16279	1
16355	1770167	28	345
16355	1770304	28	100
16355	1770304	16279	1
16356	1769732	28	510
16356	1769734	28	100
16356	1769734	16280	1
16356	1769988	12995	5
16356	1770167	28	510
16356	1770304	28	100
16356	1770304	16280	1
16357	1769732	28	345
16357	1769734	28	100
16357	1769734	16281	1
16357	1770167	28	345
16357	1770304	28	100
16357	1770304	16281	1
16359	1769732	28	345
16359	1769735	28	100
16359	1769735	16283	1
16359	1770169	28	345
16359	1770304	28	100
16359	1770304	16283	1
16360	1769732	28	510
16360	1769735	28	100
16360	1769735	16284	1
16360	1769988	12995	5
16360	1770169	28	510
16360	1770304	28	100
16360	1770304	16284	1
16361	1769732	28	345
16361	1769735	28	100
16361	1769735	16285	1
16361	1770169	28	345
16361	1770304	28	100
16361	1770304	16285	1
16362	1769732	28	510
16362	1769735	28	100
16362	1769735	16286	1
16362	1769988	12995	5
16362	1770169	28	510
16362	1770304	28	100
16362	1770304	16286	1
16363	1769732	28	345
16363	1769735	28	100
16363	1769735	16287	1
16363	1770169	28	345
16363	1770304	28	100
16363	1770304	16287	1
16365	1769732	28	345
16365	1769735	28	100
16365	1769735	16289	1
16365	1770168	28	345
16365	1770304	28	100
16365	1770304	16289	1
16366	1769732	28	510
16366	1769735	28	100
16366	1769735	16290	1
16366	1769988	12995	5
16366	1770168	28	510
16366	1770304	28	100
16366	1770304	16290	1
16367	1769732	28	345
16367	1769735	28	100
16367	1769735	16291	1
16367	1770168	28	345
16367	1770304	28	100
16367	1770304	16291	1
16368	1769732	28	510
16368	1769735	28	100
16368	1769735	16292	1
16368	1769988	12995	5
16368	1770168	28	510
16368	1770304	28	100
16368	1770304	16292	1
16369	1769732	28	345
16369	1769735	28	100
16369	1769735	16293	1
16369	1770168	28	345
16369	1770304	28	100
16369	1770304	16293	1
16371	1769733	28	345
16371	1769736	28	100
16371	1769736	16295	1
16371	1770171	28	345
16371	1770305	28	100
16371	1770305	16295	1
16372	1769733	28	510
16372	1769736	28	100
16372	1769736	16296	1
16372	1769988	12995	5
16372	1770171	28	510
16372	1770305	28	100
16372	1770305	16296	1
16373	1769733	28	345
16373	1769736	28	100
16373	1769736	16297	1
16373	1770171	28	345
16373	1770305	28	100
16373	1770305	16297	1
16374	1769733	28	510
16374	1769736	28	100
16374	1769736	16298	1
16374	1769988	12995	5
16374	1770171	28	510
16374	1770305	28	100
16374	1770305	16298	1
16375	1769733	28	345
16375	1769736	28	100
16375	1769736	16299	1
16375	1770171	28	345
16375	1770305	28	100
16375	1770305	16299	1
16377	1769733	28	345
16377	1769736	28	100
16377	1769736	16301	1
16377	1770170	28	345
16377	1770305	28	100
16377	1770305	16301	1
16378	1769733	28	510
16378	1769736	28	100
16378	1769736	16302	1
16378	1769988	12995	5
16378	1770170	28	510
16378	1770305	28	100
16378	1770305	16302	1
16379	1769733	28	345
16379	1769736	28	100
16379	1769736	16303	1
16379	1770170	28	345
16379	1770305	28	100
16379	1770305	16303	1
16380	1769733	28	510
16380	1769736	28	100
16380	1769736	16304	1
16380	1769988	12995	5
16380	1770170	28	510
16380	1770305	28	100
16380	1770305	16304	1
16381	1769733	28	345
16381	1769736	28	100
16381	1769736	16305	1
16381	1770170	28	345
16381	1770305	28	100
16381	1770305	16305	1
16383	1769732	28	280
16383	1769734	28	100
16383	1769734	16307	1
16383	1770165	28	280
16383	1770304	28	100
16383	1770304	16307	1
16384	1769732	28	280
16384	1769734	28	100
16384	1769734	16308	1
16384	1770166	28	280
16384	1770167	28	280
16384	1770304	28	100
16384	1770304	16308	1
16385	1769732	28	280
16385	1769735	28	100
16385	1769735	16309	1
16385	1770168	28	280
16385	1770169	28	280
16385	1770304	28	100
16385	1770304	16309	1
16386	1769733	28	280
16386	1769736	28	100
16386	1769736	16310	1
16386	1770171	28	280
16386	1770305	28	100
16386	1770305	16310	1
16387	1769733	28	280
16387	1769736	28	100
16387	1769736	16311	1
16387	1770170	28	280
16387	1770305	28	100
16387	1770305	16311	1
16388	1769732	28	280
16388	1769734	28	100
16388	1769734	16312	1
16388	1770165	28	280
16388	1770304	28	100
16388	1770304	16312	1
16389	1769732	28	280
16389	1769734	28	100
16389	1769734	16313	1
16389	1770166	28	280
16389	1770167	28	280
16389	1770304	28	100
16389	1770304	16313	1
16390	1769732	28	280
16390	1769735	28	100
16390	1769735	16314	1
16390	1770168	28	280
16390	1770169	28	280
16390	1770304	28	100
16390	1770304	16314	1
16391	1769733	28	280
16391	1769736	28	100
16391	1769736	16315	1
16391	1770171	28	280
16391	1770305	28	100
16391	1770305	16315	1
16392	1769733	28	280
16392	1769736	28	100
16392	1769736	16316	1
16392	1770170	28	280
16392	1770305	28	100
16392	1770305	16316	1
16393	1769732	28	280
16393	1769734	28	100
16393	1769734	16317	1
16393	1770165	28	280
16393	1770304	28	100
16393	1770304	16317	1
16394	1769732	28	280
16394	1769734	28	100
16394	1769734	16318	1
16394	1770166	28	280
16394	1770167	28	280
16394	1770304	28	100
16394	1770304	16318	1
16395	1769732	28	280
16395	1769735	28	100
16395	1769735	16319	1
16395	1770168	28	280
16395	1770169	28	280
16395	1770304	28	100
16395	1770304	16319	1
16396	1769733	28	280
16396	1769736	28	100
16396	1769736	16320	1
16396	1770171	28	280
16396	1770305	28	100
16396	1770305	16320	1
16397	1769733	28	280
16397	1769736	28	100
16397	1769736	16321	1
16397	1770170	28	280
16397	1770305	28	100
16397	1770305	16321	1
16398	1769732	28	280
16398	1769734	28	100
16398	1769734	16322	1
16398	1770165	28	280
16398	1770304	28	100
16398	1770304	16322	1
16399	1769732	28	280
16399	1769734	28	100
16399	1769734	16323	1
16399	1770166	28	280
16399	1770167	28	280
16399	1770304	28	100
16399	1770304	16323	1
16400	1769732	28	280
16400	1769735	28	100
16400	1769735	16324	1
16400	1770168	28	280
16400	1770169	28	280
16400	1770304	28	100
16400	1770304	16324	1
16401	1769733	28	280
16401	1769736	28	100
16401	1769736	16325	1
16401	1770171	28	280
16401	1770305	28	100
16401	1770305	16325	1
16402	1769733	28	280
16402	1769736	28	100
16402	1769736	16326	1
16402	1770170	28	280
16402	1770305	28	100
16402	1770305	16326	1
16403	1769689	16546	2
16403	1770158	16546	2
16404	1769689	16547	4
16404	1770158	16547	4
16405	1769689	16548	2
16405	1770158	16548	2
16406	1769689	16549	4
16406	1770158	16549	4
16407	1769689	16550	2
16407	1770158	16550	2
16409	1769689	16546	2
16409	1770159	16546	2
16410	1769689	16547	4
16410	1770159	16547	4
16411	1769689	16548	2
16411	1770159	16548	2
16412	1769689	16549	4
16412	1770159	16549	4
16413	1769689	16550	2
16413	1770159	16550	2
16415	1769689	16546	2
16415	1770160	16546	2
16416	1769689	16547	4
16416	1770160	16547	4
16417	1769689	16548	2
16417	1770160	16548	2
16418	1769689	16549	4
16418	1770160	16549	4
16419	1769689	16550	2
16419	1770160	16550	2
16421	1769690	16546	2
16421	1770162	16546	2
16422	1769690	16547	4
16422	1770162	16547	4
16423	1769690	16548	2
16423	1770162	16548	2
16424	1769690	16549	4
16424	1770162	16549	4
16425	1769690	16550	2
16425	1770162	16550	2
16427	1769690	16546	2
16427	1770161	16546	2
16428	1769690	16547	4
16428	1770161	16547	4
16429	1769690	16548	2
16429	1770161	16548	2
16430	1769690	16549	4
16430	1770161	16549	4
16431	1769690	16550	2
16431	1770161	16550	2
16433	1769691	16546	2
16433	1770164	16546	2
16434	1769691	16547	4
16434	1770164	16547	4
16435	1769691	16548	2
16435	1770164	16548	2
16436	1769691	16549	4
16436	1770164	16549	4
16437	1769691	16550	2
16437	1770164	16550	2
16439	1769691	16546	2
16439	1770163	16546	2
16440	1769691	16547	4
16440	1770163	16547	4
16441	1769691	16548	2
16441	1770163	16548	2
16442	1769691	16549	4
16442	1770163	16549	4
16443	1769691	16550	2
16443	1770163	16550	2
16445	1769689	16552	1
16445	1770158	16552	1
16446	1769689	16552	1
16446	1770159	16552	1
16446	1770160	16552	1
16447	1769690	16552	1
16447	1770161	16552	1
16447	1770162	16552	1
16448	1769691	16552	1
16448	1770164	16552	1
16449	1769691	16552	1
16449	1770163	16552	1
16450	1769689	16552	1
16450	1770158	16552	1
16451	1769689	16552	1
16451	1770159	16552	1
16451	1770160	16552	1
16452	1769690	16552	1
16452	1770161	16552	1
16452	1770162	16552	1
16453	1769691	16552	1
16453	1770164	16552	1
16454	1769691	16552	1
16454	1770163	16552	1
16455	1769689	16552	1
16455	1770158	16552	1
16456	1769689	16552	1
16456	1770159	16552	1
16456	1770160	16552	1
16457	1769690	16552	1
16457	1770161	16552	1
16457	1770162	16552	1
16458	1769691	16552	1
16458	1770164	16552	1
16459	1769691	16552	1
16459	1770163	16552	1
16460	1769689	16552	1
16460	1770158	16552	1
16461	1769689	16552	1
16461	1770159	16552	1
16461	1770160	16552	1
16462	1769690	16552	1
16462	1770161	16552	1
16462	1770162	16552	1
16463	1769691	16552	1
16463	1770164	16552	1
16464	1769691	16552	1
16464	1770163	16552	1
16465	1769692	16556	5
16465	1770172	16556	8
16466	1769692	16556	8
16466	1770174	16556	8
16467	1769692	16556	8
16467	1770172	16556	8
16468	1769692	16556	8
16468	1770173	16556	8
16469	1769693	16556	8
16469	1770176	16556	8
16470	1769693	16556	8
16470	1770175	16556	8
16471	1769692	16556	8
16471	1770172	16556	8
16472	1769693	16556	8
16472	1770176	16556	8
16473	1769694	16556	8
16473	1770178	16556	8
16474	1769694	16556	8
16474	1770177	16556	8
16475	1769694	16556	8
16475	1770177	16556	8
16476	1769694	16556	8
16476	1770178	16556	8
16477	1769694	16556	8
16477	1770178	16556	8
16478	1769692	16556	3
16478	1770172	16556	8
16479	1769692	16554	6
16479	1770172	16554	6
16480	1769692	16556	8
16480	1770172	16556	8
16481	1769692	16554	6
16481	1770172	16554	6
16482	1769692	16555	8
16482	1770172	16555	8
16483	1769692	16554	6
16483	1770172	16554	6
16485	1769692	16554	6
16485	1770173	16554	6
16486	1769692	16556	8
16486	1770173	16556	8
16487	1769692	16554	6
16487	1770173	16554	6
16488	1769692	16555	8
16488	1770173	16555	8
16489	1769692	16554	6
16489	1770173	16554	6
16491	1769692	16554	6
16491	1770174	16554	6
16492	1769692	16556	8
16492	1770174	16556	8
16493	1769692	16554	6
16493	1770174	16554	6
16494	1769692	16555	8
16494	1770174	16555	8
16495	1769692	16554	6
16495	1770174	16554	6
16497	1769693	16554	6
16497	1770176	16554	6
16498	1769693	16556	8
16498	1770176	16556	8
16499	1769693	16554	6
16499	1770176	16554	6
16500	1769693	16555	8
16500	1770176	16555	8
16501	1769693	16554	6
16501	1770176	16554	6
16503	1769693	16554	6
16503	1770175	16554	6
16504	1769693	16556	8
16504	1770175	16556	8
16505	1769693	16554	6
16505	1770175	16554	6
16506	1769693	16555	8
16506	1770175	16555	8
16507	1769693	16554	6
16507	1770175	16554	6
16509	1769694	16554	6
16509	1770178	16554	6
16510	1769694	16556	8
16510	1770178	16556	8
16511	1769694	16554	6
16511	1770178	16554	6
16512	1769694	16555	8
16512	1770178	16555	8
16513	1769694	16554	6
16513	1770178	16554	6
16515	1769694	16554	6
16515	1770177	16554	6
16516	1769694	16556	8
16516	1770177	16556	8
16517	1769694	16554	6
16517	1770177	16554	6
16518	1769694	16555	8
16518	1770177	16555	8
16519	1769694	16554	6
16519	1770177	16554	6
16521	1769692	16553	4
16521	1770172	16553	4
16522	1769692	16553	4
16522	1770173	16553	4
16522	1770174	16553	4
16523	1769693	16553	4
16523	1770175	16553	4
16523	1770176	16553	4
16524	1769694	16553	4
16524	1770178	16553	4
16525	1769694	16553	4
16525	1770177	16553	4
16526	1769692	16553	4
16526	1770172	16553	4
16527	1769692	16553	4
16527	1770173	16553	4
16527	1770174	16553	4
16528	1769693	16553	4
16528	1770175	16553	4
16528	1770176	16553	4
16529	1769694	16553	4
16529	1770178	16553	4
16530	1769694	16553	4
16530	1770177	16553	4
16531	1769692	16553	4
16531	1770172	16553	4
16532	1769692	16553	4
16532	1770173	16553	4
16532	1770174	16553	4
16533	1769693	16553	4
16533	1770175	16553	4
16533	1770176	16553	4
16534	1769694	16553	4
16534	1770178	16553	4
16535	1769694	16553	4
16535	1770177	16553	4
16536	1769692	16553	4
16536	1770172	16553	4
16537	1769692	16553	4
16537	1770173	16553	4
16537	1770174	16553	4
16538	1769693	16553	4
16538	1770175	16553	4
16538	1770176	16553	4
16539	1769694	16553	4
16539	1770178	16553	4
16540	1769694	16553	4
16540	1770177	16553	4
17138	1769743	25	1000
17139	1769743	25	1000
17140	1769743	25	1000
17141	1769743	25	1000
17142	1769743	25	1000
17143	1769743	25	1000
17144	1769743	25	1000
17145	1769743	25	1000
17146	1769744	25	1000
17147	1769744	25	1000
17148	1769744	25	1000
17149	1769744	25	1000
17150	1769744	25	1000
17151	1769744	25	1000
17152	1769744	25	1000
17153	1769744	25	1000
17154	1769744	25	1000
17155	1769744	25	1000
17156	1769744	25	1000
17157	1769744	25	1000
17447	1769745	17461	7
17447	1770116	17461	10
17448	1769745	17461	10
17448	1770118	17461	10
17449	1769745	17461	10
17449	1770116	17461	10
17450	1769745	17461	10
17450	1770117	17461	10
17451	1769745	17461	10
17451	1770120	17461	10
17452	1769745	17461	10
17452	1770119	17461	10
17453	1769745	17461	10
17453	1770116	17461	10
17454	1769745	17461	10
17454	1770120	17461	10
17455	1769745	17461	10
17455	1770122	17461	10
17456	1769745	17461	10
17456	1770121	17461	10
17457	1769745	17461	10
17457	1770121	17461	10
17458	1769745	17461	10
17458	1770122	17461	10
17459	1769745	17461	10
17459	1770122	17461	10
17460	1769745	17461	3
17460	1770116	17461	10
17500	1769746	17521	1
17501	1769746	17521	1
17502	1769746	17521	1
17503	1769746	17521	1
17504	1769746	17521	1
17505	1769746	17521	1
17506	1769746	17521	1
17507	1769746	17521	1
17508	1769746	17521	1
17509	1769746	17521	1
17510	1769746	17521	1
17511	1769746	17521	1
17512	1769746	17521	1
17513	1769746	17521	1
17514	1769746	17521	1
17515	1769746	17521	1
17516	1769746	17521	1
17517	1769746	17521	1
17518	1769746	17521	1
17519	1769746	17521	1
17520	1769746	17521	1
19125	1769864	10307	50
19126	1769864	10307	70
19127	1769864	10307	70
19128	1769864	10307	70
19129	1769864	10307	70
19130	1769864	10307	70
19131	1769864	10307	70
19132	1769864	10307	70
19133	1769865	10307	70
19134	1769865	10307	70
19135	1769865	10307	70
19136	1769865	10307	70
19137	1769865	10307	70
19138	1769864	10307	70
19139	1769865	10307	70
19140	1769864	10307	20
19141	1769864	10307	35
19142	1769864	10307	60
19143	1769864	10307	35
19144	1769864	10307	60
19145	1769864	10307	35
19147	1769864	10307	35
19148	1769864	10307	60
19149	1769864	10307	35
19150	1769864	10307	60
19151	1769864	10307	35
19153	1769864	10307	35
19154	1769864	10307	60
19155	1769864	10307	35
19156	1769864	10307	60
19157	1769864	10307	35
19159	1769864	10307	35
19160	1769864	10307	60
19161	1769864	10307	35
19162	1769864	10307	60
19163	1769864	10307	35
19165	1769864	10307	35
19166	1769864	10307	60
19167	1769864	10307	35
19168	1769864	10307	60
19169	1769864	10307	35
19171	1769865	10307	35
19172	1769865	10307	60
19173	1769865	10307	35
19174	1769865	10307	60
19175	1769865	10307	35
19177	1769865	10307	35
19178	1769865	10307	60
19179	1769865	10307	35
19180	1769865	10307	60
19181	1769865	10307	35
19183	1769864	10307	25
19184	1769864	10307	25
19185	1769864	10307	25
19186	1769865	10307	25
19187	1769865	10307	25
19188	1769864	10307	25
19189	1769864	10307	25
19190	1769864	10307	25
19191	1769865	10307	25
19192	1769865	10307	25
19193	1769864	10307	25
19194	1769864	10307	25
19195	1769864	10307	25
19196	1769865	10307	25
19197	1769865	10307	25
19198	1769864	10307	25
19199	1769864	10307	25
19200	1769864	10307	25
19201	1769865	10307	25
19202	1769865	10307	25
19281	1769799	28	100
19281	1769799	19203	1
19281	1769799	19218	1
19281	1769802	28	430
19281	1769914	10307	100
19282	1769799	28	100
19282	1769799	19204	1
19282	1769802	28	600
19282	1769914	10307	140
19283	1769799	28	100
19283	1769799	19205	1
19283	1769802	28	600
19283	1769914	10307	140
19284	1769799	28	100
19284	1769799	19206	1
19284	1769802	28	600
19284	1769914	10307	140
19285	1769800	28	100
19285	1769800	19207	1
19285	1769802	28	600
19285	1769914	10307	140
19286	1769800	28	100
19286	1769800	19208	1
19286	1769802	28	600
19286	1769914	10307	140
19287	1769799	28	100
19287	1769799	19209	1
19287	1769802	28	600
19287	1769914	10307	140
19288	1769800	28	100
19288	1769800	19210	1
19288	1769802	28	600
19288	1769914	10307	140
19289	1769801	28	100
19289	1769801	19211	1
19289	1769802	28	600
19289	1769915	10307	140
19290	1769801	28	100
19290	1769801	19212	1
19290	1769802	28	600
19290	1769915	10307	140
19291	1769801	28	100
19291	1769801	19213	1
19291	1769802	28	600
19291	1769915	10307	140
19292	1769801	28	100
19292	1769801	19214	1
19292	1769802	28	600
19292	1769915	10307	140
19293	1769801	28	100
19293	1769801	19215	1
19293	1769802	28	600
19293	1769915	10307	140
19294	1769799	28	100
19294	1769799	19216	1
19294	1769802	28	600
19294	1769914	10307	140
19295	1769801	28	100
19295	1769801	19217	1
19295	1769802	28	600
19295	1769915	10307	140
19296	1769799	28	100
19296	1769799	19203	1
19296	1769799	19218	1
19296	1769802	28	170
19296	1769914	10307	40
19297	1769799	28	100
19297	1769799	19219	1
19297	1769914	10307	70
19297	1770340	33329	15
19298	1769799	28	100
19298	1769799	19220	1
19298	1769914	10307	120
19298	1770340	33329	15
19299	1769799	28	100
19299	1769799	19221	1
19299	1769914	10307	70
19299	1770340	33329	15
19300	1769799	28	100
19300	1769799	19222	1
19300	1769914	10307	120
19300	1770340	33329	15
19301	1769799	28	100
19301	1769799	19223	1
19301	1769914	10307	70
19301	1770340	33329	15
19303	1769799	28	100
19303	1769799	19225	1
19303	1769914	10307	70
19304	1769799	28	100
19304	1769799	19226	1
19304	1769914	10307	120
19305	1769799	28	100
19305	1769799	19227	1
19305	1769914	10307	70
19306	1769799	28	100
19306	1769799	19228	1
19306	1769914	10307	120
19307	1769799	28	100
19307	1769799	19229	1
19307	1769914	10307	70
19309	1769799	28	100
19309	1769799	19231	1
19309	1769914	10307	70
19310	1769799	28	100
19310	1769799	19232	1
19310	1769914	10307	120
19311	1769799	28	100
19311	1769799	19233	1
19311	1769914	10307	70
19312	1769799	28	100
19312	1769799	19234	1
19312	1769914	10307	120
19313	1769799	28	100
19313	1769799	19235	1
19313	1769914	10307	70
19315	1769800	28	100
19315	1769800	19237	1
19315	1769914	10307	70
19316	1769800	28	100
19316	1769800	19238	1
19316	1769914	10307	120
19317	1769800	28	100
19317	1769800	19239	1
19317	1769914	10307	70
19318	1769800	28	100
19318	1769800	19240	1
19318	1769914	10307	120
19319	1769800	28	100
19319	1769800	19241	1
19319	1769914	10307	70
19321	1769800	28	100
19321	1769800	19243	1
19321	1769914	10307	70
19322	1769800	28	100
19322	1769800	19244	1
19322	1769914	10307	120
19323	1769800	28	100
19323	1769800	19245	1
19323	1769914	10307	70
19324	1769800	28	100
19324	1769800	19246	1
19324	1769914	10307	120
19325	1769800	28	100
19325	1769800	19247	1
19325	1769914	10307	70
19327	1769801	28	100
19327	1769801	19249	1
19327	1769915	10307	70
19328	1769801	28	100
19328	1769801	19250	1
19328	1769915	10307	120
19329	1769801	28	100
19329	1769801	19251	1
19329	1769915	10307	70
19330	1769801	28	100
19330	1769801	19252	1
19330	1769915	10307	120
19331	1769801	28	100
19331	1769801	19253	1
19331	1769915	10307	70
19333	1769801	28	100
19333	1769801	19255	1
19333	1769915	10307	70
19334	1769801	28	100
19334	1769801	19256	1
19334	1769915	10307	120
19335	1769801	28	100
19335	1769801	19257	1
19335	1769915	10307	70
19336	1769801	28	100
19336	1769801	19258	1
19336	1769915	10307	120
19337	1769801	28	100
19337	1769801	19259	1
19337	1769915	10307	70
19339	1769799	28	100
19339	1769799	19261	1
19339	1769914	10307	55
19340	1769799	28	100
19340	1769799	19262	1
19340	1769914	10307	55
19341	1769800	28	100
19341	1769800	19263	1
19341	1769914	10307	55
19342	1769801	28	100
19342	1769801	19264	1
19342	1769915	10307	55
19343	1769801	28	100
19343	1769801	19265	1
19343	1769915	10307	55
19344	1769799	28	100
19344	1769799	19266	1
19344	1769914	10307	55
19345	1769799	28	100
19345	1769799	19267	1
19345	1769914	10307	55
19346	1769800	28	100
19346	1769800	19268	1
19346	1769914	10307	55
19347	1769801	28	100
19347	1769801	19269	1
19347	1769915	10307	55
19348	1769801	28	100
19348	1769801	19270	1
19348	1769915	10307	55
19349	1769799	28	100
19349	1769799	19271	1
19349	1769914	10307	55
19350	1769799	28	100
19350	1769799	19272	1
19350	1769914	10307	55
19351	1769800	28	100
19351	1769800	19273	1
19351	1769914	10307	55
19352	1769801	28	100
19352	1769801	19274	1
19352	1769915	10307	55
19353	1769801	28	100
19353	1769801	19275	1
19353	1769915	10307	55
19354	1769799	28	100
19354	1769799	19276	1
19354	1769914	10307	55
19355	1769799	28	100
19355	1769799	19277	1
19355	1769914	10307	55
19356	1769800	28	100
19356	1769800	19278	1
19356	1769914	10307	55
19357	1769801	28	100
19357	1769801	19279	1
19357	1769915	10307	55
19358	1769801	28	100
19358	1769801	19280	1
19358	1769915	10307	55
19359	1769796	19121	5
19359	1770211	19121	8
19360	1769796	19121	8
19360	1770213	19121	8
19361	1769796	19121	8
19361	1770211	19121	8
19362	1769796	19121	8
19362	1770212	19121	8
19363	1769797	19121	8
19363	1770215	19121	8
19364	1769797	19121	8
19364	1770214	19121	8
19365	1769796	19121	8
19365	1770211	19121	8
19366	1769797	19121	8
19366	1770215	19121	8
19367	1769798	19121	8
19367	1770217	19121	8
19368	1769798	19121	8
19368	1770216	19121	8
19369	1769798	19121	8
19369	1770216	19121	8
19370	1769798	19121	8
19370	1770217	19121	8
19371	1769798	19121	8
19371	1770217	19121	8
19372	1769796	19121	8
19372	1770213	19121	8
19373	1769798	19121	8
19373	1770216	19121	8
19374	1769796	19121	3
19374	1770211	19121	8
19375	1769796	19119	6
19375	1770211	19119	6
19376	1769796	19121	8
19376	1770211	19121	8
19377	1769796	19119	6
19377	1770211	19119	6
19378	1769796	19120	8
19378	1770211	19120	8
19379	1769796	19119	6
19379	1770211	19119	6
19381	1769796	19119	6
19381	1770212	19119	6
19382	1769796	19121	8
19382	1770212	19121	8
19383	1769796	19119	6
19383	1770212	19119	6
19384	1769796	19120	8
19384	1770212	19120	8
19385	1769796	19119	6
19385	1770212	19119	6
19387	1769796	19119	6
19387	1770213	19119	6
19388	1769796	19121	8
19388	1770213	19121	8
19389	1769796	19119	6
19389	1770213	19119	6
19390	1769796	19120	8
19390	1770213	19120	8
19391	1769796	19119	6
19391	1770213	19119	6
19393	1769797	19119	6
19393	1770215	19119	6
19394	1769797	19121	8
19394	1770215	19121	8
19395	1769797	19119	6
19395	1770215	19119	6
19396	1769797	19120	8
19396	1770215	19120	8
19397	1769797	19119	6
19397	1770215	19119	6
19399	1769797	19119	6
19399	1770214	19119	6
19400	1769797	19121	8
19400	1770214	19121	8
19401	1769797	19119	6
19401	1770214	19119	6
19402	1769797	19120	8
19402	1770214	19120	8
19403	1769797	19119	6
19403	1770214	19119	6
19405	1769798	19119	6
19405	1770217	19119	6
19406	1769798	19121	8
19406	1770217	19121	8
19407	1769798	19119	6
19407	1770217	19119	6
19408	1769798	19120	8
19408	1770217	19120	8
19409	1769798	19119	6
19409	1770217	19119	6
19411	1769798	19119	6
19411	1770216	19119	6
19412	1769798	19121	8
19412	1770216	19121	8
19413	1769798	19119	6
19413	1770216	19119	6
19414	1769798	19120	8
19414	1770216	19120	8
19415	1769798	19119	6
19415	1770216	19119	6
19417	1769796	19118	4
19417	1770211	19118	4
19418	1769796	19118	4
19418	1770212	19118	4
19418	1770213	19118	4
19419	1769797	19118	4
19419	1770214	19118	4
19419	1770215	19118	4
19420	1769798	19118	4
19420	1770217	19118	4
19421	1769798	19118	4
19421	1770216	19118	4
19422	1769796	19118	4
19422	1770211	19118	4
19423	1769796	19118	4
19423	1770212	19118	4
19423	1770213	19118	4
19424	1769797	19118	4
19424	1770214	19118	4
19424	1770215	19118	4
19425	1769798	19118	4
19425	1770217	19118	4
19426	1769798	19118	4
19426	1770216	19118	4
19427	1769796	19118	4
19427	1770211	19118	4
19428	1769796	19118	4
19428	1770212	19118	4
19428	1770213	19118	4
19429	1769797	19118	4
19429	1770214	19118	4
19429	1770215	19118	4
19430	1769798	19118	4
19430	1770217	19118	4
19431	1769798	19118	4
19431	1770216	19118	4
19432	1769796	19118	4
19432	1770211	19118	4
19433	1769796	19118	4
19433	1770212	19118	4
19433	1770213	19118	4
19434	1769797	19118	4
19434	1770214	19118	4
19434	1770215	19118	4
19435	1769798	19118	4
19435	1770217	19118	4
19436	1769798	19118	4
19436	1770216	19118	4
19437	1769793	19111	2
19437	1770204	19111	2
19438	1769793	19112	4
19438	1770204	19112	4
19439	1769793	19113	2
19439	1770204	19113	2
19440	1769793	19114	4
19440	1770204	19114	4
19441	1769793	19115	2
19441	1770204	19115	2
19443	1769793	19111	2
19443	1770205	19111	2
19444	1769793	19112	4
19444	1770205	19112	4
19445	1769793	19113	2
19445	1770205	19113	2
19446	1769793	19114	4
19446	1770205	19114	4
19447	1769793	19115	2
19447	1770205	19115	2
19449	1769793	19111	2
19449	1770206	19111	2
19450	1769793	19112	4
19450	1770206	19112	4
19451	1769793	19113	2
19451	1770206	19113	2
19452	1769793	19114	4
19452	1770206	19114	4
19453	1769793	19115	2
19453	1770206	19115	2
19455	1769794	19111	2
19455	1770208	19111	2
19456	1769794	19112	4
19456	1770208	19112	4
19457	1769794	19113	2
19457	1770208	19113	2
19458	1769794	19114	4
19458	1770208	19114	4
19459	1769794	19115	2
19459	1770208	19115	2
19461	1769794	19111	2
19461	1770207	19111	2
19462	1769794	19112	4
19462	1770207	19112	4
19463	1769794	19113	2
19463	1770207	19113	2
19464	1769794	19114	4
19464	1770207	19114	4
19465	1769794	19115	2
19465	1770207	19115	2
19467	1769795	19111	2
19467	1770210	19111	2
19468	1769795	19112	4
19468	1770210	19112	4
19469	1769795	19113	2
19469	1770210	19113	2
19470	1769795	19114	4
19470	1770210	19114	4
19471	1769795	19115	2
19471	1770210	19115	2
19473	1769795	19111	2
19473	1770209	19111	2
19474	1769795	19112	4
19474	1770209	19112	4
19475	1769795	19113	2
19475	1770209	19113	2
19476	1769795	19114	4
19476	1770209	19114	4
19477	1769795	19115	2
19477	1770209	19115	2
19479	1769793	19117	1
19479	1770204	19117	1
19480	1769793	19117	1
19480	1770205	19117	1
19480	1770206	19117	1
19481	1769794	19117	1
19481	1770207	19117	1
19481	1770208	19117	1
19482	1769795	19117	1
19482	1770210	19117	1
19483	1769795	19117	1
19483	1770209	19117	1
19484	1769793	19117	1
19484	1770204	19117	1
19485	1769793	19117	1
19485	1770205	19117	1
19485	1770206	19117	1
19486	1769794	19117	1
19486	1770207	19117	1
19486	1770208	19117	1
19487	1769795	19117	1
19487	1770210	19117	1
19488	1769795	19117	1
19488	1770209	19117	1
19489	1769793	19117	1
19489	1770204	19117	1
19490	1769793	19117	1
19490	1770205	19117	1
19490	1770206	19117	1
19491	1769794	19117	1
19491	1770207	19117	1
19491	1770208	19117	1
19492	1769795	19117	1
19492	1770210	19117	1
19493	1769795	19117	1
19493	1770209	19117	1
19494	1769793	19117	1
19494	1770204	19117	1
19495	1769793	19117	1
19495	1770205	19117	1
19495	1770206	19117	1
19496	1769794	19117	1
19496	1770207	19117	1
19496	1770208	19117	1
19497	1769795	19117	1
19497	1770210	19117	1
19498	1769795	19117	1
19498	1770209	19117	1
19771	1769791	19109	7
19771	1770197	19109	10
19772	1769791	19109	10
19772	1770199	19109	10
19773	1769791	19109	10
19773	1770197	19109	10
19774	1769791	19109	10
19774	1770198	19109	10
19775	1769791	19109	10
19775	1770201	19109	10
19776	1769791	19109	10
19776	1770200	19109	10
19777	1769791	19109	10
19777	1770197	19109	10
19778	1769791	19109	10
19778	1770201	19109	10
19779	1769791	19109	10
19779	1770203	19109	10
19780	1769791	19109	10
19780	1770202	19109	10
19781	1769791	19109	10
19781	1770202	19109	10
19782	1769791	19109	10
19782	1770203	19109	10
19783	1769791	19109	10
19783	1770203	19109	10
19784	1769791	19109	10
19784	1770199	19109	10
19785	1769791	19109	10
19785	1770202	19109	10
19786	1769791	19109	3
19786	1770197	19109	10
19787	1769790	19110	5
19787	1770197	19110	5
19788	1769790	19110	5
19788	1770198	19110	5
19788	1770199	19110	5
19789	1769790	19110	5
19789	1770200	19110	5
19789	1770201	19110	5
19790	1769790	19110	5
19790	1770203	19110	5
19791	1769790	19110	5
19791	1770202	19110	5
19792	1769790	19110	5
19792	1770197	19110	5
19793	1769790	19110	5
19793	1770198	19110	5
19793	1770199	19110	5
19794	1769790	19110	5
19794	1770200	19110	5
19794	1770201	19110	5
19795	1769790	19110	5
19795	1770203	19110	5
19796	1769790	19110	5
19796	1770202	19110	5
19797	1769790	19110	5
19797	1770197	19110	5
19798	1769790	19110	5
19798	1770198	19110	5
19798	1770199	19110	5
19799	1769790	19110	5
19799	1770200	19110	5
19799	1770201	19110	5
19800	1769790	19110	5
19800	1770203	19110	5
19801	1769790	19110	5
19801	1770202	19110	5
19802	1769790	19110	5
19802	1770197	19110	5
19803	1769790	19110	5
19803	1770198	19110	5
19803	1770199	19110	5
19804	1769790	19110	5
19804	1770200	19110	5
19804	1770201	19110	5
19805	1769790	19110	5
19805	1770203	19110	5
19806	1769790	19110	5
19806	1770202	19110	5
20408	1770556	25	2000
20409	1770564	25	2000
20410	1770557	25	2000
20411	1770565	25	2000
20414	1769572	28	100
20414	1769572	20412	1
20414	1769660	10307	70
20415	1769573	28	100
20415	1769573	20413	1
20415	1769661	10307	70
20418	1769655	28	100
20418	1769655	20416	1
20418	1769729	28	600
20418	1770146	28	600
20419	1769657	28	100
20419	1769657	20417	1
20419	1769729	28	600
20419	1770149	28	600
20422	1769734	28	100
20422	1769734	20420	1
20422	1769737	28	600
20422	1769988	12995	5
20422	1770167	28	600
20422	1770304	28	100
20422	1770304	20420	1
20423	1769736	28	100
20423	1769736	20421	1
20423	1769737	28	600
20423	1769988	12995	5
20423	1770170	28	600
20423	1770305	28	100
20423	1770305	20421	1
20426	1769725	12672	10
20426	1770118	12672	10
20427	1769725	12672	10
20427	1770121	12672	10
20430	1769725	12673	10
20430	1770118	12673	10
20431	1769725	12673	10
20431	1770121	12673	10
20434	1769726	13627	10
20434	1770118	13627	10
20435	1769726	13627	10
20435	1770121	13627	10
20438	1769727	14300	10
20438	1770118	14300	10
20439	1769727	14300	10
20439	1770121	14300	10
20442	1769726	15421	10
20442	1770118	15421	10
20443	1769726	15421	10
20443	1770121	15421	10
20444	1769727	16188	10
20444	1770118	16188	10
20445	1769727	16188	10
20445	1770121	16188	10
20446	1769745	17461	10
20446	1770118	17461	10
20447	1769745	17461	10
20447	1770121	17461	10
20448	1769581	12684	8
20448	1770132	12684	8
20449	1769582	12684	8
20449	1770135	12684	8
20450	1769646	14311	8
20450	1770153	14311	8
20451	1769648	14311	8
20451	1770156	14311	8
20452	1769692	16556	8
20452	1770174	16556	8
20453	1769694	16556	8
20453	1770177	16556	8
20456	1769869	23165	3
20457	1769869	23165	3
20458	1769869	20456	1
20458	1769869	23165	6
20459	1769869	20457	1
20459	1769869	23165	6
20849	1770340	33329	15
20850	1770340	33329	15
20851	1770340	33329	15
20852	1770340	33329	15
20853	1770340	33329	15
20943	1769819	21196	7
20943	1770197	21196	10
20944	1769819	21196	10
20944	1770199	21196	10
20945	1769819	21196	10
20945	1770197	21196	10
20946	1769819	21196	10
20946	1770198	21196	10
20947	1769819	21196	10
20947	1770201	21196	10
20948	1769819	21196	10
20948	1770200	21196	10
20949	1769819	21196	10
20949	1770197	21196	10
20950	1769819	21196	10
20950	1770201	21196	10
20951	1769819	21196	10
20951	1770203	21196	10
20952	1769819	21196	10
20952	1770202	21196	10
20953	1769819	21196	10
20953	1770202	21196	10
20954	1769819	21196	10
20954	1770203	21196	10
20955	1769819	21196	10
20955	1770203	21196	10
20956	1769819	21196	10
20956	1770199	21196	10
20957	1769819	21196	10
20957	1770202	21196	10
20958	1769819	21196	3
20958	1770197	21196	10
20959	1769814	21197	1
20959	1770197	21197	1
20960	1769814	21197	1
20960	1770199	21197	1
20961	1769814	21197	1
20961	1770197	21197	1
20962	1769814	21197	1
20962	1770198	21197	1
20963	1769814	21197	1
20963	1770201	21197	1
20964	1769814	21197	1
20964	1770200	21197	1
20965	1769814	21197	1
20965	1770197	21197	1
20966	1769814	21197	1
20966	1770201	21197	1
20967	1769814	21197	1
20967	1770203	21197	1
20968	1769814	21197	1
20968	1770202	21197	1
20969	1769814	21197	1
20969	1770202	21197	1
20970	1769814	21197	1
20970	1770203	21197	1
20971	1769814	21197	1
20971	1770203	21197	1
20972	1769814	21197	1
20972	1770199	21197	1
20973	1769814	21197	1
20973	1770202	21197	1
20974	1769814	21197	1
20974	1770197	21197	1
21399	1769852	28	430
21399	1769861	28	100
21399	1769861	21321	1
21399	1769861	21336	1
21399	1770225	28	600
21400	1769852	28	600
21400	1769861	28	100
21400	1769861	21322	1
21400	1770227	28	600
21401	1769852	28	600
21401	1769861	28	100
21401	1769861	21323	1
21401	1770225	28	600
21402	1769852	28	600
21402	1769861	28	100
21402	1769861	21324	1
21402	1770226	28	600
21403	1769852	28	600
21403	1769862	28	100
21403	1769862	21325	1
21403	1770229	28	600
21404	1769852	28	600
21404	1769862	28	100
21404	1769862	21326	1
21404	1770228	28	600
21405	1769852	28	600
21405	1769861	28	100
21405	1769861	21327	1
21405	1770225	28	600
21406	1769852	28	600
21406	1769862	28	100
21406	1769862	21328	1
21406	1770229	28	600
21407	1769852	28	600
21407	1769863	28	100
21407	1769863	21329	1
21407	1770231	28	600
21408	1769852	28	600
21408	1769863	28	100
21408	1769863	21330	1
21408	1770230	28	600
21409	1769852	28	600
21409	1769863	28	100
21409	1769863	21331	1
21409	1770230	28	600
21410	1769852	28	600
21410	1769863	28	100
21410	1769863	21332	1
21410	1770231	28	600
21411	1769852	28	600
21411	1769863	28	100
21411	1769863	21333	1
21411	1770231	28	600
21412	1769852	28	600
21412	1769861	28	100
21412	1769861	21334	1
21412	1770227	28	600
21413	1769852	28	600
21413	1769863	28	100
21413	1769863	21335	1
21413	1770230	28	600
21414	1769852	28	170
21414	1769861	28	100
21414	1769861	21321	1
21414	1769861	21336	1
21414	1770225	28	600
21415	1769850	28	345
21415	1769861	28	100
21415	1769861	21337	1
21415	1770225	28	345
21416	1769850	28	510
21416	1769861	28	100
21416	1769861	21338	1
21416	1770225	28	510
21417	1769850	28	345
21417	1769861	28	100
21417	1769861	21339	1
21417	1770225	28	345
21418	1769850	28	510
21418	1769861	28	100
21418	1769861	21340	1
21418	1770225	28	510
21419	1769850	28	345
21419	1769861	28	100
21419	1769861	21341	1
21419	1770225	28	345
21421	1769850	28	345
21421	1769861	28	100
21421	1769861	21343	1
21421	1770226	28	345
21422	1769850	28	510
21422	1769861	28	100
21422	1769861	21344	1
21422	1770226	28	510
21423	1769850	28	345
21423	1769861	28	100
21423	1769861	21345	1
21423	1770226	28	345
21424	1769850	28	510
21424	1769861	28	100
21424	1769861	21346	1
21424	1770226	28	510
21425	1769850	28	345
21425	1769861	28	100
21425	1769861	21347	1
21425	1770226	28	345
21427	1769850	28	345
21427	1769861	28	100
21427	1769861	21349	1
21427	1770227	28	345
21428	1769850	28	510
21428	1769861	28	100
21428	1769861	21350	1
21428	1770227	28	510
21429	1769850	28	345
21429	1769861	28	100
21429	1769861	21351	1
21429	1770227	28	345
21430	1769850	28	510
21430	1769861	28	100
21430	1769861	21352	1
21430	1770227	28	510
21431	1769850	28	345
21431	1769861	28	100
21431	1769861	21353	1
21431	1770227	28	345
21433	1769850	28	345
21433	1769862	28	100
21433	1769862	21355	1
21433	1770229	28	345
21434	1769850	28	510
21434	1769862	28	100
21434	1769862	21356	1
21434	1770229	28	510
21435	1769850	28	345
21435	1769862	28	100
21435	1769862	21357	1
21435	1770229	28	345
21436	1769850	28	510
21436	1769862	28	100
21436	1769862	21358	1
21436	1770229	28	510
21437	1769850	28	345
21437	1769862	28	100
21437	1769862	21359	1
21437	1770229	28	345
21439	1769850	28	345
21439	1769862	28	100
21439	1769862	21361	1
21439	1770228	28	345
21440	1769850	28	510
21440	1769862	28	100
21440	1769862	21362	1
21440	1770228	28	510
21441	1769850	28	345
21441	1769862	28	100
21441	1769862	21363	1
21441	1770228	28	345
21442	1769850	28	510
21442	1769862	28	100
21442	1769862	21364	1
21442	1770228	28	510
21443	1769850	28	345
21443	1769862	28	100
21443	1769862	21365	1
21443	1770228	28	345
21445	1769851	28	345
21445	1769863	28	100
21445	1769863	21367	1
21445	1770231	28	345
21446	1769851	28	510
21446	1769863	28	100
21446	1769863	21368	1
21446	1770231	28	510
21447	1769851	28	345
21447	1769863	28	100
21447	1769863	21369	1
21447	1770231	28	345
21448	1769851	28	510
21448	1769863	28	100
21448	1769863	21370	1
21448	1770231	28	510
21449	1769851	28	345
21449	1769863	28	100
21449	1769863	21371	1
21449	1770231	28	345
21451	1769851	28	345
21451	1769863	28	100
21451	1769863	21373	1
21451	1770230	28	345
21452	1769851	28	510
21452	1769863	28	100
21452	1769863	21374	1
21452	1770230	28	510
21453	1769851	28	345
21453	1769863	28	100
21453	1769863	21375	1
21453	1770230	28	345
21454	1769851	28	510
21454	1769863	28	100
21454	1769863	21376	1
21454	1770230	28	510
21455	1769851	28	345
21455	1769863	28	100
21455	1769863	21377	1
21455	1770230	28	345
21457	1769850	28	280
21457	1769861	28	100
21457	1769861	21379	1
21457	1770225	28	280
21458	1769850	28	280
21458	1769861	28	100
21458	1769861	21380	1
21458	1770226	28	280
21458	1770227	28	280
21459	1769850	28	280
21459	1769862	28	100
21459	1769862	21381	1
21459	1770228	28	280
21459	1770229	28	280
21460	1769851	28	280
21460	1769863	28	100
21460	1769863	21382	1
21460	1770231	28	280
21461	1769851	28	280
21461	1769863	28	100
21461	1769863	21383	1
21461	1770230	28	280
21462	1769850	28	280
21462	1769861	28	100
21462	1769861	21384	1
21462	1770225	28	280
21463	1769850	28	280
21463	1769861	28	100
21463	1769861	21385	1
21463	1770226	28	280
21463	1770227	28	280
21464	1769850	28	280
21464	1769862	28	100
21464	1769862	21386	1
21464	1770228	28	280
21464	1770229	28	280
21465	1769851	28	280
21465	1769863	28	100
21465	1769863	21387	1
21465	1770231	28	280
21466	1769851	28	280
21466	1769863	28	100
21466	1769863	21388	1
21466	1770230	28	280
21467	1769850	28	280
21467	1769861	28	100
21467	1769861	21389	1
21467	1770225	28	280
21468	1769850	28	280
21468	1769861	28	100
21468	1769861	21390	1
21468	1770226	28	280
21468	1770227	28	280
21469	1769850	28	280
21469	1769862	28	100
21469	1769862	21391	1
21469	1770228	28	280
21469	1770229	28	280
21470	1769851	28	280
21470	1769863	28	100
21470	1769863	21392	1
21470	1770231	28	280
21471	1769851	28	280
21471	1769863	28	100
21471	1769863	21393	1
21471	1770230	28	280
21472	1769850	28	280
21472	1769861	28	100
21472	1769861	21394	1
21472	1770225	28	280
21473	1769850	28	280
21473	1769861	28	100
21473	1769861	21395	1
21473	1770226	28	280
21473	1770227	28	280
21474	1769850	28	280
21474	1769862	28	100
21474	1769862	21396	1
21474	1770228	28	280
21474	1770229	28	280
21475	1769851	28	280
21475	1769863	28	100
21475	1769863	21397	1
21475	1770231	28	280
21476	1769851	28	280
21476	1769863	28	100
21476	1769863	21398	1
21476	1770230	28	280
21477	1769854	21773	7
21477	1770197	21773	10
21478	1769854	21773	10
21478	1770199	21773	10
21479	1769854	21773	10
21479	1770197	21773	10
21480	1769854	21773	10
21480	1770198	21773	10
21481	1769854	21773	10
21481	1770201	21773	10
21482	1769854	21773	10
21482	1770200	21773	10
21483	1769854	21773	10
21483	1770197	21773	10
21484	1769854	21773	10
21484	1770201	21773	10
21485	1769854	21773	10
21485	1770203	21773	10
21486	1769854	21773	10
21486	1770202	21773	10
21487	1769854	21773	10
21487	1770202	21773	10
21488	1769854	21773	10
21488	1770203	21773	10
21489	1769854	21773	10
21489	1770203	21773	10
21490	1769854	21773	10
21490	1770199	21773	10
21491	1769854	21773	10
21491	1770202	21773	10
21492	1769854	21773	3
21492	1770197	21773	10
21493	1769858	21784	5
21493	1770232	21784	8
21494	1769858	21784	8
21494	1770234	21784	8
21495	1769858	21784	8
21495	1770232	21784	8
21496	1769858	21784	8
21496	1770233	21784	8
21497	1769859	21784	8
21497	1770236	21784	8
21498	1769859	21784	8
21498	1770235	21784	8
21499	1769858	21784	8
21499	1770232	21784	8
21500	1769859	21784	8
21500	1770236	21784	8
21501	1769860	21784	8
21501	1770238	21784	8
21502	1769860	21784	8
21502	1770237	21784	8
21503	1769860	21784	8
21503	1770237	21784	8
21504	1769860	21784	8
21504	1770238	21784	8
21505	1769860	21784	8
21505	1770238	21784	8
21506	1769858	21784	8
21506	1770234	21784	8
21507	1769860	21784	8
21507	1770237	21784	8
21508	1769858	21784	3
21508	1770232	21784	8
21509	1769858	21782	6
21509	1770232	21782	6
21510	1769858	21784	8
21510	1770232	21784	8
21511	1769858	21782	6
21511	1770232	21782	6
21512	1769858	21783	8
21512	1770232	21783	8
21513	1769858	21782	6
21513	1770232	21782	6
21515	1769858	21782	6
21515	1770233	21782	6
21516	1769858	21784	8
21516	1770233	21784	8
21517	1769858	21782	6
21517	1770233	21782	6
21518	1769858	21783	8
21518	1770233	21783	8
21519	1769858	21782	6
21519	1770233	21782	6
21521	1769858	21782	6
21521	1770234	21782	6
21522	1769858	21784	8
21522	1770234	21784	8
21523	1769858	21782	6
21523	1770234	21782	6
21524	1769858	21783	8
21524	1770234	21783	8
21525	1769858	21782	6
21525	1770234	21782	6
21527	1769859	21782	6
21527	1770236	21782	6
21528	1769859	21784	8
21528	1770236	21784	8
21529	1769859	21782	6
21529	1770236	21782	6
21530	1769859	21783	8
21530	1770236	21783	8
21531	1769859	21782	6
21531	1770236	21782	6
21533	1769859	21782	6
21533	1770235	21782	6
21534	1769859	21784	8
21534	1770235	21784	8
21535	1769859	21782	6
21535	1770235	21782	6
21536	1769859	21783	8
21536	1770235	21783	8
21537	1769859	21782	6
21537	1770235	21782	6
21539	1769860	21782	6
21539	1770238	21782	6
21540	1769860	21784	8
21540	1770238	21784	8
21541	1769860	21782	6
21541	1770238	21782	6
21542	1769860	21783	8
21542	1770238	21783	8
21543	1769860	21782	6
21543	1770238	21782	6
21545	1769860	21782	6
21545	1770237	21782	6
21546	1769860	21784	8
21546	1770237	21784	8
21547	1769860	21782	6
21547	1770237	21782	6
21548	1769860	21783	8
21548	1770237	21783	8
21549	1769860	21782	6
21549	1770237	21782	6
21551	1769858	21781	4
21551	1770232	21781	4
21552	1769858	21781	4
21552	1770233	21781	4
21552	1770234	21781	4
21553	1769859	21781	4
21553	1770235	21781	4
21553	1770236	21781	4
21554	1769860	21781	4
21554	1770238	21781	4
21555	1769860	21781	4
21555	1770237	21781	4
21556	1769858	21781	4
21556	1770232	21781	4
21557	1769858	21781	4
21557	1770233	21781	4
21557	1770234	21781	4
21558	1769859	21781	4
21558	1770235	21781	4
21558	1770236	21781	4
21559	1769860	21781	4
21559	1770238	21781	4
21560	1769860	21781	4
21560	1770237	21781	4
21561	1769858	21781	4
21561	1770232	21781	4
21562	1769858	21781	4
21562	1770233	21781	4
21562	1770234	21781	4
21563	1769859	21781	4
21563	1770235	21781	4
21563	1770236	21781	4
21564	1769860	21781	4
21564	1770238	21781	4
21565	1769860	21781	4
21565	1770237	21781	4
21566	1769858	21781	4
21566	1770232	21781	4
21567	1769858	21781	4
21567	1770233	21781	4
21567	1770234	21781	4
21568	1769859	21781	4
21568	1770235	21781	4
21568	1770236	21781	4
21569	1769860	21781	4
21569	1770238	21781	4
21570	1769860	21781	4
21570	1770237	21781	4
21571	1769855	21774	2
21571	1770218	21774	2
21572	1769855	21775	4
21572	1770218	21775	4
21573	1769855	21776	2
21573	1770218	21776	2
21574	1769855	21777	4
21574	1770218	21777	4
21575	1769855	21778	2
21575	1770218	21778	2
21577	1769855	21774	2
21577	1770219	21774	2
21578	1769855	21775	4
21578	1770219	21775	4
21579	1769855	21776	2
21579	1770219	21776	2
21580	1769855	21777	4
21580	1770219	21777	4
21581	1769855	21778	2
21581	1770219	21778	2
21583	1769855	21774	2
21583	1770220	21774	2
21584	1769855	21775	4
21584	1770220	21775	4
21585	1769855	21776	2
21585	1770220	21776	2
21586	1769855	21777	4
21586	1770220	21777	4
21587	1769855	21778	2
21587	1770220	21778	2
21589	1769856	21774	2
21589	1770222	21774	2
21590	1769856	21775	4
21590	1770222	21775	4
21591	1769856	21776	2
21591	1770222	21776	2
21592	1769856	21777	4
21592	1770222	21777	4
21593	1769856	21778	2
21593	1770222	21778	2
21595	1769856	21774	2
21595	1770221	21774	2
21596	1769856	21775	4
21596	1770221	21775	4
21597	1769856	21776	2
21597	1770221	21776	2
21598	1769856	21777	4
21598	1770221	21777	4
21599	1769856	21778	2
21599	1770221	21778	2
21601	1769857	21774	2
21601	1770224	21774	2
21602	1769857	21775	4
21602	1770224	21775	4
21603	1769857	21776	2
21603	1770224	21776	2
21604	1769857	21777	4
21604	1770224	21777	4
21605	1769857	21778	2
21605	1770224	21778	2
21607	1769857	21774	2
21607	1770223	21774	2
21608	1769857	21775	4
21608	1770223	21775	4
21609	1769857	21776	2
21609	1770223	21776	2
21610	1769857	21777	4
21610	1770223	21777	4
21611	1769857	21778	2
21611	1770223	21778	2
21613	1769855	21780	1
21613	1770218	21780	1
21614	1769855	21780	1
21614	1770219	21780	1
21614	1770220	21780	1
21615	1769856	21780	1
21615	1770221	21780	1
21615	1770222	21780	1
21616	1769857	21780	1
21616	1770224	21780	1
21617	1769857	21780	1
21617	1770223	21780	1
21618	1769855	21780	1
21618	1770218	21780	1
21619	1769855	21780	1
21619	1770219	21780	1
21619	1770220	21780	1
21620	1769856	21780	1
21620	1770221	21780	1
21620	1770222	21780	1
21621	1769857	21780	1
21621	1770224	21780	1
21622	1769857	21780	1
21622	1770223	21780	1
21623	1769855	21780	1
21623	1770218	21780	1
21624	1769855	21780	1
21624	1770219	21780	1
21624	1770220	21780	1
21625	1769856	21780	1
21625	1770221	21780	1
21625	1770222	21780	1
21626	1769857	21780	1
21626	1770224	21780	1
21627	1769857	21780	1
21627	1770223	21780	1
21628	1769855	21780	1
21628	1770218	21780	1
21629	1769855	21780	1
21629	1770219	21780	1
21629	1770220	21780	1
21630	1769856	21780	1
21630	1770221	21780	1
21630	1770222	21780	1
21631	1769857	21780	1
21631	1770224	21780	1
21632	1769857	21780	1
21632	1770223	21780	1
21942	1769820	17817	1
21942	1769820	17832	1
21942	1769820	21801	100
21943	1769824	17818	1
21943	1769824	21801	100
21944	1769821	17819	1
21944	1769821	21801	100
21945	1769823	17820	1
21945	1769823	21801	100
21946	1769827	17821	1
21946	1769827	21801	100
21947	1769825	17822	1
21947	1769825	21801	100
21948	1769822	17823	1
21948	1769822	21801	100
21949	1769828	17824	1
21949	1769828	21801	100
21950	1769832	17825	1
21950	1769832	21801	100
21951	1769829	17826	1
21951	1769829	21801	100
21952	1769830	17827	1
21952	1769830	21801	100
21953	1769833	17828	1
21953	1769833	21801	100
21954	1769834	17829	1
21954	1769834	21801	100
21955	1769826	17830	1
21955	1769826	21801	100
21956	1769831	17831	1
21956	1769831	21801	100
21957	1769820	17817	1
21957	1769820	17832	1
21957	1769820	21801	100
21958	1769820	21801	400
21958	1769820	21942	1
21958	1769820	21957	1
21959	1769824	21801	400
21959	1769824	21943	1
21960	1769821	21801	400
21960	1769821	21944	1
21961	1769823	21801	400
21961	1769823	21945	1
21962	1769827	21801	400
21962	1769827	21946	1
21963	1769825	21801	400
21963	1769825	21947	1
21964	1769822	21801	400
21964	1769822	21948	1
21965	1769828	21801	400
21965	1769828	21949	1
21966	1769832	21801	400
21966	1769832	21950	1
21967	1769829	21801	400
21967	1769829	21951	1
21968	1769830	21801	400
21968	1769830	21952	1
21969	1769833	21801	400
21969	1769833	21953	1
21970	1769834	21801	400
21970	1769834	21954	1
21971	1769826	21801	400
21971	1769826	21955	1
21972	1769831	21801	400
21972	1769831	21956	1
21973	1769820	21801	400
21973	1769820	21942	1
21973	1769820	21957	1
21974	1769820	21801	800
21974	1769820	21958	1
21974	1769820	21973	1
21975	1769824	21801	800
21975	1769824	21959	1
21976	1769821	21801	800
21976	1769821	21960	1
21977	1769823	21801	800
21977	1769823	21961	1
21978	1769827	21801	800
21978	1769827	21962	1
21979	1769825	21801	800
21979	1769825	21963	1
21980	1769822	21801	800
21980	1769822	21964	1
21981	1769828	21801	800
21981	1769828	21965	1
21982	1769832	21801	800
21982	1769832	21966	1
21983	1769829	21801	800
21983	1769829	21967	1
21984	1769830	21801	800
21984	1769830	21968	1
21985	1769833	21801	800
21985	1769833	21969	1
21986	1769834	21801	800
21986	1769834	21970	1
21987	1769826	21801	800
21987	1769826	21971	1
21988	1769831	21801	800
21988	1769831	21972	1
21989	1769820	21801	800
21989	1769820	21958	1
21989	1769820	21973	1
22006	1769820	17742	1
22006	1769820	21801	50
22007	1769820	17743	1
22007	1769820	21801	50
22008	1769820	17744	1
22008	1769820	21801	50
22009	1769820	17745	1
22009	1769820	21801	50
22010	1769820	17746	1
22010	1769820	21801	50
22011	1769824	17747	1
22011	1769824	21801	50
22012	1769824	17748	1
22012	1769824	21801	50
22013	1769824	17749	1
22013	1769824	21801	50
22014	1769824	17750	1
22014	1769824	21801	50
22015	1769824	17751	1
22015	1769824	21801	50
22016	1769821	17752	1
22016	1769821	21801	50
22017	1769821	17753	1
22017	1769821	21801	50
22018	1769821	17754	1
22018	1769821	21801	50
22019	1769821	17755	1
22019	1769821	21801	50
22020	1769821	17756	1
22020	1769821	21801	50
22021	1769823	17757	1
22021	1769823	21801	50
22022	1769823	17758	1
22022	1769823	21801	50
22023	1769823	17759	1
22023	1769823	21801	50
22024	1769823	17760	1
22024	1769823	21801	50
22025	1769823	17761	1
22025	1769823	21801	50
22026	1769827	17762	1
22026	1769827	21801	50
22027	1769827	17763	1
22027	1769827	21801	50
22028	1769827	17764	1
22028	1769827	21801	50
22029	1769827	17765	1
22029	1769827	21801	50
22030	1769827	17766	1
22030	1769827	21801	50
22031	1769832	17767	1
22031	1769832	21801	50
22032	1769832	17768	1
22032	1769832	21801	50
22033	1769832	17769	1
22033	1769832	21801	50
22034	1769832	17770	1
22034	1769832	21801	50
22035	1769832	17771	1
22035	1769832	21801	50
22036	1769829	17772	1
22036	1769829	21801	50
22037	1769829	17773	1
22037	1769829	21801	50
22038	1769829	17774	1
22038	1769829	21801	50
22039	1769829	17775	1
22039	1769829	21801	50
22040	1769829	17776	1
22040	1769829	21801	50
22041	1769830	17777	1
22041	1769830	21801	50
22042	1769830	17778	1
22042	1769830	21801	50
22043	1769830	17779	1
22043	1769830	21801	50
22044	1769830	17780	1
22044	1769830	21801	50
22045	1769830	17781	1
22045	1769830	21801	50
22046	1769833	17782	1
22046	1769833	21801	50
22047	1769833	17783	1
22047	1769833	21801	50
22048	1769833	17784	1
22048	1769833	21801	50
22049	1769833	17785	1
22049	1769833	21801	50
22050	1769833	17786	1
22050	1769833	21801	50
22051	1769825	17787	1
22051	1769825	21801	50
22052	1769825	17788	1
22052	1769825	21801	50
22053	1769825	17789	1
22053	1769825	21801	50
22054	1769825	17790	1
22054	1769825	21801	50
22055	1769825	17791	1
22055	1769825	21801	50
22056	1769822	17792	1
22056	1769822	21801	50
22057	1769822	17793	1
22057	1769822	21801	50
22058	1769822	17794	1
22058	1769822	21801	50
22059	1769822	17795	1
22059	1769822	21801	50
22060	1769822	17796	1
22060	1769822	21801	50
22061	1769828	17797	1
22061	1769828	21801	50
22062	1769828	17798	1
22062	1769828	21801	50
22063	1769828	17799	1
22063	1769828	21801	50
22064	1769828	17800	1
22064	1769828	21801	50
22065	1769828	17801	1
22065	1769828	21801	50
22066	1769834	17802	1
22066	1769834	21801	50
22067	1769834	17803	1
22067	1769834	21801	50
22068	1769834	17804	1
22068	1769834	21801	50
22069	1769834	17805	1
22069	1769834	21801	50
22070	1769834	17806	1
22070	1769834	21801	50
22071	1769826	17807	1
22071	1769826	21801	50
22072	1769826	17808	1
22072	1769826	21801	50
22073	1769826	17809	1
22073	1769826	21801	50
22074	1769826	17810	1
22074	1769826	21801	50
22075	1769826	17811	1
22075	1769826	21801	50
22076	1769831	17812	1
22076	1769831	21801	50
22077	1769831	17813	1
22077	1769831	21801	50
22078	1769831	17814	1
22078	1769831	21801	50
22079	1769831	17815	1
22079	1769831	21801	50
22080	1769831	17816	1
22080	1769831	21801	50
22081	1769820	21801	150
22081	1769820	22006	1
22082	1769820	21801	150
22082	1769820	22007	1
22083	1769820	21801	150
22083	1769820	22008	1
22084	1769820	21801	150
22084	1769820	22009	1
22085	1769820	21801	150
22085	1769820	22010	1
22086	1769824	21801	150
22086	1769824	22011	1
22087	1769824	21801	150
22087	1769824	22012	1
22088	1769824	21801	150
22088	1769824	22013	1
22089	1769824	21801	150
22089	1769824	22014	1
22090	1769824	21801	150
22090	1769824	22015	1
22091	1769821	21801	150
22091	1769821	22016	1
22092	1769821	21801	150
22092	1769821	22017	1
22093	1769821	21801	150
22093	1769821	22018	1
22094	1769821	21801	150
22094	1769821	22019	1
22095	1769821	21801	150
22095	1769821	22020	1
22096	1769823	21801	150
22096	1769823	22021	1
22097	1769823	21801	150
22097	1769823	22022	1
22098	1769823	21801	150
22098	1769823	22023	1
22099	1769823	21801	150
22099	1769823	22024	1
22100	1769823	21801	150
22100	1769823	22025	1
22101	1769827	21801	150
22101	1769827	22026	1
22102	1769827	21801	150
22102	1769827	22027	1
22103	1769827	21801	150
22103	1769827	22028	1
22104	1769827	21801	150
22104	1769827	22029	1
22105	1769827	21801	150
22105	1769827	22030	1
22106	1769832	21801	150
22106	1769832	22031	1
22107	1769832	21801	150
22107	1769832	22032	1
22108	1769832	21801	150
22108	1769832	22033	1
22109	1769832	21801	150
22109	1769832	22034	1
22110	1769832	21801	150
22110	1769832	22035	1
22111	1769829	21801	150
22111	1769829	22036	1
22112	1769829	21801	150
22112	1769829	22037	1
22113	1769829	21801	150
22113	1769829	22038	1
22114	1769829	21801	150
22114	1769829	22039	1
22115	1769829	21801	150
22115	1769829	22040	1
22116	1769830	21801	150
22116	1769830	22041	1
22117	1769830	21801	150
22117	1769830	22042	1
22118	1769830	21801	150
22118	1769830	22043	1
22119	1769830	21801	150
22119	1769830	22044	1
22120	1769830	21801	150
22120	1769830	22045	1
22121	1769833	21801	150
22121	1769833	22046	1
22122	1769833	21801	150
22122	1769833	22047	1
22123	1769833	21801	150
22123	1769833	22048	1
22124	1769833	21801	150
22124	1769833	22049	1
22125	1769833	21801	150
22125	1769833	22050	1
22126	1769825	21801	150
22126	1769825	22051	1
22127	1769825	21801	150
22127	1769825	22052	1
22128	1769825	21801	150
22128	1769825	22053	1
22129	1769825	21801	150
22129	1769825	22054	1
22130	1769825	21801	150
22130	1769825	22055	1
22131	1769822	21801	150
22131	1769822	22056	1
22132	1769822	21801	150
22132	1769822	22057	1
22133	1769822	21801	150
22133	1769822	22058	1
22134	1769822	21801	150
22134	1769822	22059	1
22135	1769822	21801	150
22135	1769822	22060	1
22136	1769828	21801	150
22136	1769828	22061	1
22137	1769828	21801	150
22137	1769828	22062	1
22138	1769828	21801	150
22138	1769828	22063	1
22139	1769828	21801	150
22139	1769828	22064	1
22140	1769828	21801	150
22140	1769828	22065	1
22141	1769834	21801	150
22141	1769834	22066	1
22142	1769834	21801	150
22142	1769834	22067	1
22143	1769834	21801	150
22143	1769834	22068	1
22144	1769834	21801	150
22144	1769834	22069	1
22145	1769834	21801	150
22145	1769834	22070	1
22146	1769826	21801	150
22146	1769826	22071	1
22147	1769826	21801	150
22147	1769826	22072	1
22148	1769826	21801	150
22148	1769826	22073	1
22149	1769826	21801	150
22149	1769826	22074	1
22150	1769826	21801	150
22150	1769826	22075	1
22151	1769831	21801	150
22151	1769831	22076	1
22152	1769831	21801	150
22152	1769831	22077	1
22153	1769831	21801	150
22153	1769831	22078	1
22154	1769831	21801	150
22154	1769831	22079	1
22155	1769831	21801	150
22155	1769831	22080	1
22156	1769820	21801	400
22156	1769820	22081	1
22157	1769820	21801	400
22157	1769820	22082	1
22158	1769820	21801	400
22158	1769820	22083	1
22159	1769820	21801	400
22159	1769820	22084	1
22160	1769820	21801	400
22160	1769820	22085	1
22161	1769824	21801	400
22161	1769824	22086	1
22162	1769824	21801	400
22162	1769824	22087	1
22163	1769824	21801	400
22163	1769824	22088	1
22164	1769824	21801	400
22164	1769824	22089	1
22165	1769824	21801	400
22165	1769824	22090	1
22166	1769821	21801	400
22166	1769821	22091	1
22167	1769821	21801	400
22167	1769821	22092	1
22168	1769821	21801	400
22168	1769821	22093	1
22169	1769821	21801	400
22169	1769821	22094	1
22170	1769821	21801	400
22170	1769821	22095	1
22171	1769823	21801	400
22171	1769823	22096	1
22172	1769823	21801	400
22172	1769823	22097	1
22173	1769823	21801	400
22173	1769823	22098	1
22174	1769823	21801	400
22174	1769823	22099	1
22175	1769823	21801	400
22175	1769823	22100	1
22176	1769827	21801	400
22176	1769827	22101	1
22177	1769827	21801	400
22177	1769827	22102	1
22178	1769827	21801	400
22178	1769827	22103	1
22179	1769827	21801	400
22179	1769827	22104	1
22180	1769827	21801	400
22180	1769827	22105	1
22181	1769832	21801	400
22181	1769832	22106	1
22182	1769832	21801	400
22182	1769832	22107	1
22183	1769832	21801	400
22183	1769832	22108	1
22184	1769832	21801	400
22184	1769832	22109	1
22185	1769832	21801	400
22185	1769832	22110	1
22186	1769829	21801	400
22186	1769829	22111	1
22187	1769829	21801	400
22187	1769829	22112	1
22188	1769829	21801	400
22188	1769829	22113	1
22189	1769829	21801	400
22189	1769829	22114	1
22190	1769829	21801	400
22190	1769829	22115	1
22191	1769830	21801	400
22191	1769830	22116	1
22192	1769830	21801	400
22192	1769830	22117	1
22193	1769830	21801	400
22193	1769830	22118	1
22194	1769830	21801	400
22194	1769830	22119	1
22195	1769830	21801	400
22195	1769830	22120	1
22196	1769833	21801	400
22196	1769833	22121	1
22197	1769833	21801	400
22197	1769833	22122	1
22198	1769833	21801	400
22198	1769833	22123	1
22199	1769833	21801	400
22199	1769833	22124	1
22200	1769833	21801	400
22200	1769833	22125	1
22201	1769825	21801	400
22201	1769825	22126	1
22202	1769825	21801	400
22202	1769825	22127	1
22203	1769825	21801	400
22203	1769825	22128	1
22204	1769825	21801	400
22204	1769825	22129	1
22205	1769825	21801	400
22205	1769825	22130	1
22206	1769822	21801	400
22206	1769822	22131	1
22207	1769822	21801	400
22207	1769822	22132	1
22208	1769822	21801	400
22208	1769822	22133	1
22209	1769822	21801	400
22209	1769822	22134	1
22210	1769822	21801	400
22210	1769822	22135	1
22211	1769828	21801	400
22211	1769828	22136	1
22212	1769828	21801	400
22212	1769828	22137	1
22213	1769828	21801	400
22213	1769828	22138	1
22214	1769828	21801	400
22214	1769828	22139	1
22215	1769828	21801	400
22215	1769828	22140	1
22216	1769834	21801	400
22216	1769834	22141	1
22217	1769834	21801	400
22217	1769834	22142	1
22218	1769834	21801	400
22218	1769834	22143	1
22219	1769834	21801	400
22219	1769834	22144	1
22220	1769834	21801	400
22220	1769834	22145	1
22221	1769826	21801	400
22221	1769826	22146	1
22222	1769826	21801	400
22222	1769826	22147	1
22223	1769826	21801	400
22223	1769826	22148	1
22224	1769826	21801	400
22224	1769826	22149	1
22225	1769826	21801	400
22225	1769826	22150	1
22226	1769831	21801	400
22226	1769831	22151	1
22227	1769831	21801	400
22227	1769831	22152	1
22228	1769831	21801	400
22228	1769831	22153	1
22229	1769831	21801	400
22229	1769831	22154	1
22230	1769831	21801	400
22230	1769831	22155	1
22231	1769820	21803	150
22231	1769820	22156	1
22232	1769820	21803	150
22232	1769820	22157	1
22233	1769820	21803	150
22233	1769820	22158	1
22234	1769820	21803	150
22234	1769820	22159	1
22235	1769820	21803	150
22235	1769820	22160	1
22236	1769824	21803	150
22236	1769824	22161	1
22237	1769824	21803	150
22237	1769824	22162	1
22238	1769824	21803	150
22238	1769824	22163	1
22239	1769824	21803	150
22239	1769824	22164	1
22240	1769824	21803	150
22240	1769824	22165	1
22241	1769821	21803	150
22241	1769821	22166	1
22242	1769821	21803	150
22242	1769821	22167	1
22243	1769821	21803	150
22243	1769821	22168	1
22244	1769821	21803	150
22244	1769821	22169	1
22245	1769821	21803	150
22245	1769821	22170	1
22246	1769823	21803	150
22246	1769823	22171	1
22247	1769823	21803	150
22247	1769823	22172	1
22248	1769823	21803	150
22248	1769823	22173	1
22249	1769823	21803	150
22249	1769823	22174	1
22250	1769823	21803	150
22250	1769823	22175	1
22251	1769827	21803	150
22251	1769827	22176	1
22252	1769827	21803	150
22252	1769827	22177	1
22253	1769827	21803	150
22253	1769827	22178	1
22254	1769827	21803	150
22254	1769827	22179	1
22255	1769827	21803	150
22255	1769827	22180	1
22256	1769832	21803	150
22256	1769832	22181	1
22257	1769832	21803	150
22257	1769832	22182	1
22258	1769832	21803	150
22258	1769832	22183	1
22259	1769832	21803	150
22259	1769832	22184	1
22260	1769832	21803	150
22260	1769832	22185	1
22261	1769829	21803	150
22261	1769829	22186	1
22262	1769829	21803	150
22262	1769829	22187	1
22263	1769829	21803	150
22263	1769829	22188	1
22264	1769829	21803	150
22264	1769829	22189	1
22265	1769829	21803	150
22265	1769829	22190	1
22266	1769830	21803	150
22266	1769830	22191	1
22267	1769830	21803	150
22267	1769830	22192	1
22268	1769830	21803	150
22268	1769830	22193	1
22269	1769830	21803	150
22269	1769830	22194	1
22270	1769830	21803	150
22270	1769830	22195	1
22271	1769833	21803	150
22271	1769833	22196	1
22272	1769833	21803	150
22272	1769833	22197	1
22273	1769833	21803	150
22273	1769833	22198	1
22274	1769833	21803	150
22274	1769833	22199	1
22275	1769833	21803	150
22275	1769833	22200	1
22276	1769825	21803	150
22276	1769825	22201	1
22277	1769825	21803	150
22277	1769825	22202	1
22278	1769825	21803	150
22278	1769825	22203	1
22279	1769825	21803	150
22279	1769825	22204	1
22280	1769825	21803	150
22280	1769825	22205	1
22281	1769822	21803	150
22281	1769822	22206	1
22282	1769822	21803	150
22282	1769822	22207	1
22283	1769822	21803	150
22283	1769822	22208	1
22284	1769822	21803	150
22284	1769822	22209	1
22285	1769822	21803	150
22285	1769822	22210	1
22286	1769828	21803	150
22286	1769828	22211	1
22287	1769828	21803	150
22287	1769828	22212	1
22288	1769828	21803	150
22288	1769828	22213	1
22289	1769828	21803	150
22289	1769828	22214	1
22290	1769828	21803	150
22290	1769828	22215	1
22291	1769834	21803	150
22291	1769834	22216	1
22292	1769834	21803	150
22292	1769834	22217	1
22293	1769834	21803	150
22293	1769834	22218	1
22294	1769834	21803	150
22294	1769834	22219	1
22295	1769834	21803	150
22295	1769834	22220	1
22296	1769826	21803	150
22296	1769826	22221	1
22297	1769826	21803	150
22297	1769826	22222	1
22298	1769826	21803	150
22298	1769826	22223	1
22299	1769826	21803	150
22299	1769826	22224	1
22300	1769826	21803	150
22300	1769826	22225	1
22301	1769831	21803	150
22301	1769831	22226	1
22302	1769831	21803	150
22302	1769831	22227	1
22303	1769831	21803	150
22303	1769831	22228	1
22304	1769831	21803	150
22304	1769831	22229	1
22305	1769831	21803	150
22305	1769831	22230	1
22852	1769883	23043	7
22852	1770197	23043	10
22853	1769883	23043	10
22853	1770199	23043	10
22854	1769883	23043	10
22854	1770197	23043	10
22855	1769883	23043	10
22855	1770198	23043	10
22856	1769883	23043	10
22856	1770201	23043	10
22857	1769883	23043	10
22857	1770200	23043	10
22858	1769883	23043	10
22858	1770197	23043	10
22859	1769883	23043	10
22859	1770201	23043	10
22860	1769883	23043	10
22860	1770203	23043	10
22861	1769883	23043	10
22861	1770202	23043	10
22862	1769883	23043	10
22862	1770202	23043	10
22863	1769883	23043	10
22863	1770203	23043	10
22864	1769883	23043	10
22864	1770203	23043	10
22865	1769883	23043	10
22865	1770199	23043	10
22866	1769883	23043	10
22866	1770202	23043	10
22867	1769883	23043	3
22867	1770197	23043	10
22868	1769873	23175	1
22868	1770197	23175	1
22869	1769873	23175	1
22869	1770199	23175	1
22870	1769873	23175	1
22870	1770197	23175	1
22871	1769873	23175	1
22871	1770198	23175	1
22872	1769873	23175	1
22872	1770201	23175	1
22873	1769873	23175	1
22873	1770200	23175	1
22874	1769873	23175	1
22874	1770197	23175	1
22875	1769873	23175	1
22875	1770201	23175	1
22876	1769873	23175	1
22876	1770203	23175	1
22877	1769873	23175	1
22877	1770202	23175	1
22878	1769873	23175	1
22878	1770202	23175	1
22879	1769873	23175	1
22879	1770203	23175	1
22880	1769873	23175	1
22880	1770203	23175	1
22881	1769873	23175	1
22881	1770199	23175	1
22882	1769873	23175	1
22882	1770202	23175	1
22883	1769873	23175	1
22883	1770197	23175	1
22977	1769870	23166	10
22978	1769870	23166	10
22979	1769870	23166	10
22980	1769870	23166	10
22981	1769870	23166	10
22982	1769870	23166	10
22983	1769870	23166	10
22984	1769870	23166	10
22985	1769870	23166	10
22986	1769870	23166	10
22987	1769870	23166	10
22988	1769870	23166	10
22989	1769870	23166	10
22990	1769870	23166	10
22991	1769870	23166	10
22992	1769870	23166	10
23231	1769891	23210	5
23231	1769891	23382	4
23231	1769894	23210	15
23231	1769894	23382	4
23232	1769891	23210	9
23232	1769891	23382	7
23232	1769894	23210	27
23232	1769894	23382	7
23233	1769891	23210	9
23233	1769891	23382	7
23233	1769894	23210	27
23233	1769894	23382	7
23234	1769891	23210	9
23234	1769891	23382	7
23234	1769894	23210	27
23234	1769894	23382	7
23235	1769891	23210	9
23235	1769891	23382	7
23235	1769894	23210	27
23235	1769894	23382	7
23236	1769891	23210	9
23236	1769891	23382	7
23236	1769894	23210	27
23236	1769894	23382	7
23237	1769891	23210	9
23237	1769891	23382	7
23237	1769894	23210	27
23237	1769894	23382	7
23238	1769891	23210	9
23238	1769891	23382	7
23238	1769894	23210	27
23238	1769894	23382	7
23239	1769891	23210	9
23239	1769891	23382	7
23239	1769894	23210	27
23239	1769894	23382	7
23240	1769891	23210	9
23240	1769891	23382	7
23240	1769894	23210	27
23240	1769894	23382	7
23241	1769891	23210	9
23241	1769891	23382	7
23241	1769894	23210	27
23241	1769894	23382	7
23242	1769891	23210	9
23242	1769891	23382	7
23242	1769894	23210	27
23242	1769894	23382	7
23243	1769891	23210	9
23243	1769891	23382	7
23243	1769894	23210	27
23243	1769894	23382	7
23244	1769891	23210	9
23244	1769891	23382	7
23244	1769894	23210	27
23244	1769894	23382	7
23245	1769891	23210	9
23245	1769891	23382	7
23245	1769894	23210	27
23245	1769894	23382	7
23246	1769891	23210	4
23246	1769891	23382	3
23246	1769894	23210	12
23246	1769894	23382	3
23247	1769892	23210	6
23247	1769892	23382	3
23247	1769895	23210	18
23247	1769895	23382	3
23248	1769892	23210	9
23248	1769892	23382	5
23248	1769895	23210	27
23248	1769895	23382	5
23249	1769892	23210	5
23249	1769892	23382	3
23249	1769895	23210	15
23249	1769895	23382	3
23250	1769892	23210	8
23250	1769892	23382	5
23250	1769895	23210	24
23250	1769895	23382	5
23251	1769892	23210	5
23251	1769892	23382	3
23251	1769895	23210	15
23251	1769895	23382	3
23253	1769892	23210	5
23253	1769892	23382	3
23253	1769895	23210	15
23253	1769895	23382	3
23254	1769892	23210	8
23254	1769892	23382	5
23254	1769895	23210	24
23254	1769895	23382	5
23255	1769892	23210	5
23255	1769892	23382	3
23255	1769895	23210	15
23255	1769895	23382	3
23256	1769892	23210	8
23256	1769892	23382	5
23256	1769895	23210	24
23256	1769895	23382	5
23257	1769892	23210	5
23257	1769892	23382	3
23257	1769895	23210	15
23257	1769895	23382	3
23259	1769892	23210	5
23259	1769892	23382	3
23259	1769895	23210	15
23259	1769895	23382	3
23260	1769892	23210	9
23260	1769892	23382	5
23260	1769895	23210	27
23260	1769895	23382	5
23261	1769892	23210	5
23261	1769892	23382	3
23261	1769895	23210	15
23261	1769895	23382	3
23262	1769892	23210	8
23262	1769892	23382	5
23262	1769895	23210	24
23262	1769895	23382	5
23263	1769892	23210	5
23263	1769892	23382	3
23263	1769895	23210	15
23263	1769895	23382	3
23265	1769892	23210	5
23265	1769892	23382	3
23265	1769895	23210	15
23265	1769895	23382	3
23266	1769892	23210	8
23266	1769892	23382	5
23266	1769895	23210	24
23266	1769895	23382	5
23267	1769892	23210	5
23267	1769892	23382	3
23267	1769895	23210	15
23267	1769895	23382	3
23268	1769892	23210	8
23268	1769892	23382	5
23268	1769895	23210	24
23268	1769895	23382	5
23269	1769892	23210	5
23269	1769892	23382	3
23269	1769895	23210	15
23269	1769895	23382	3
23271	1769892	23210	5
23271	1769892	23382	3
23271	1769895	23210	15
23271	1769895	23382	3
23272	1769892	23210	8
23272	1769892	23382	5
23272	1769895	23210	24
23272	1769895	23382	5
23273	1769892	23210	5
23273	1769892	23382	3
23273	1769895	23210	15
23273	1769895	23382	3
23274	1769892	23210	8
23274	1769892	23382	5
23274	1769895	23210	24
23274	1769895	23382	5
23275	1769892	23210	5
23275	1769892	23382	3
23275	1769895	23210	15
23275	1769895	23382	3
23277	1769892	23210	5
23277	1769892	23382	3
23277	1769895	23210	15
23277	1769895	23382	3
23278	1769892	23210	8
23278	1769892	23382	5
23278	1769895	23210	24
23278	1769895	23382	5
23279	1769892	23210	5
23279	1769892	23382	3
23279	1769895	23210	15
23279	1769895	23382	3
23280	1769892	23210	8
23280	1769892	23382	5
23280	1769895	23210	24
23280	1769895	23382	5
23281	1769892	23210	5
23281	1769892	23382	3
23281	1769895	23210	15
23281	1769895	23382	3
23283	1769892	23210	5
23283	1769892	23382	3
23283	1769895	23210	15
23283	1769895	23382	3
23284	1769892	23210	8
23284	1769892	23382	5
23284	1769895	23210	24
23284	1769895	23382	5
23285	1769892	23210	5
23285	1769892	23382	3
23285	1769895	23210	15
23285	1769895	23382	3
23286	1769892	23210	8
23286	1769892	23382	5
23286	1769895	23210	24
23286	1769895	23382	5
23287	1769892	23210	5
23287	1769892	23382	3
23287	1769895	23210	15
23287	1769895	23382	3
23289	1769893	23210	3
23289	1769893	23382	2
23289	1769896	23210	9
23289	1769896	23382	2
23290	1769893	23210	3
23290	1769893	23382	2
23290	1769896	23210	9
23290	1769896	23382	2
23291	1769893	23210	3
23291	1769893	23382	2
23291	1769896	23210	9
23291	1769896	23382	2
23292	1769893	23210	3
23292	1769893	23382	2
23292	1769896	23210	9
23292	1769896	23382	2
23293	1769893	23210	3
23293	1769893	23382	2
23293	1769896	23210	9
23293	1769896	23382	2
23294	1769893	23210	3
23294	1769893	23382	2
23294	1769896	23210	9
23294	1769896	23382	2
23295	1769893	23210	3
23295	1769893	23382	2
23295	1769896	23210	9
23295	1769896	23382	2
23296	1769893	23210	3
23296	1769893	23382	2
23296	1769896	23210	9
23296	1769896	23382	2
23297	1769893	23210	3
23297	1769893	23382	2
23297	1769896	23210	9
23297	1769896	23382	2
23298	1769893	23210	3
23298	1769893	23382	2
23298	1769896	23210	9
23298	1769896	23382	2
23299	1769893	23210	3
23299	1769893	23382	2
23299	1769896	23210	9
23299	1769896	23382	2
23300	1769893	23210	3
23300	1769893	23382	2
23300	1769896	23210	9
23300	1769896	23382	2
23301	1769893	23210	3
23301	1769893	23382	2
23301	1769896	23210	9
23301	1769896	23382	2
23302	1769893	23210	3
23302	1769893	23382	2
23302	1769896	23210	9
23302	1769896	23382	2
23303	1769893	23210	3
23303	1769893	23382	2
23303	1769896	23210	9
23303	1769896	23382	2
23304	1769893	23210	3
23304	1769893	23382	2
23304	1769896	23210	9
23304	1769896	23382	2
23305	1769893	23210	3
23305	1769893	23382	2
23305	1769896	23210	9
23305	1769896	23382	2
23306	1769893	23210	3
23306	1769893	23382	2
23306	1769896	23210	9
23306	1769896	23382	2
23307	1769893	23210	3
23307	1769893	23382	2
23307	1769896	23210	9
23307	1769896	23382	2
23308	1769893	23210	3
23308	1769893	23382	2
23308	1769896	23210	9
23308	1769896	23382	2
23472	1769910	28	430
23472	1769911	28	100
23472	1769911	23394	1
23472	1769911	23409	1
23472	1769989	12995	5
23472	1770246	28	600
23472	1770306	28	100
23472	1770306	23394	1
23472	1770306	23409	1
23473	1769910	28	600
23473	1769911	28	100
23473	1769911	23395	1
23473	1769989	12995	5
23473	1770248	28	600
23473	1770306	28	100
23473	1770306	23395	1
23474	1769910	28	600
23474	1769911	28	100
23474	1769911	23396	1
23474	1769989	12995	5
23474	1770246	28	600
23474	1770306	28	100
23474	1770306	23396	1
23475	1769910	28	600
23475	1769911	28	100
23475	1769911	23397	1
23475	1769989	12995	5
23475	1770247	28	600
23475	1770306	28	100
23475	1770306	23397	1
23476	1769910	28	600
23476	1769912	28	100
23476	1769912	23398	1
23476	1769989	12995	5
23476	1770250	28	600
23476	1770306	28	100
23476	1770306	23398	1
23477	1769910	28	600
23477	1769912	28	100
23477	1769912	23399	1
23477	1769989	12995	5
23477	1770249	28	600
23477	1770306	28	100
23477	1770306	23399	1
23478	1769910	28	600
23478	1769911	28	100
23478	1769911	23400	1
23478	1769989	12995	5
23478	1770246	28	600
23478	1770306	28	100
23478	1770306	23400	1
23479	1769910	28	600
23479	1769912	28	100
23479	1769912	23401	1
23479	1769989	12995	5
23479	1770250	28	600
23479	1770306	28	100
23479	1770306	23401	1
23480	1769910	28	600
23480	1769913	28	100
23480	1769913	23402	1
23480	1769989	12995	5
23480	1770252	28	600
23480	1770307	28	100
23480	1770307	23402	1
23481	1769910	28	600
23481	1769913	28	100
23481	1769913	23403	1
23481	1769989	12995	5
23481	1770251	28	600
23481	1770307	28	100
23481	1770307	23403	1
23482	1769910	28	600
23482	1769913	28	100
23482	1769913	23404	1
23482	1769989	12995	5
23482	1770251	28	600
23482	1770307	28	100
23482	1770307	23404	1
23483	1769910	28	600
23483	1769913	28	100
23483	1769913	23405	1
23483	1769989	12995	5
23483	1770252	28	600
23483	1770307	28	100
23483	1770307	23405	1
23484	1769910	28	600
23484	1769913	28	100
23484	1769913	23406	1
23484	1769989	12995	5
23484	1770252	28	600
23484	1770307	28	100
23484	1770307	23406	1
23485	1769910	28	600
23485	1769911	28	100
23485	1769911	23407	1
23485	1769989	12995	5
23485	1770248	28	600
23485	1770306	28	100
23485	1770306	23407	1
23486	1769910	28	600
23486	1769913	28	100
23486	1769913	23408	1
23486	1769989	12995	5
23486	1770251	28	600
23486	1770307	28	100
23486	1770307	23408	1
23487	1769910	28	170
23487	1769911	28	100
23487	1769911	23394	1
23487	1769911	23409	1
23487	1769989	12995	5
23487	1770246	28	600
23487	1770306	28	100
23487	1770306	23394	1
23487	1770306	23409	1
23488	1769907	28	345
23488	1769911	28	100
23488	1769911	23410	1
23488	1770246	28	345
23488	1770306	28	100
23488	1770306	23410	1
23489	1769907	28	510
23489	1769911	28	100
23489	1769911	23411	1
23489	1769989	12995	5
23489	1770246	28	510
23489	1770306	28	100
23489	1770306	23411	1
23490	1769907	28	345
23490	1769911	28	100
23490	1769911	23412	1
23490	1770246	28	345
23490	1770306	28	100
23490	1770306	23412	1
23491	1769907	28	510
23491	1769911	28	100
23491	1769911	23413	1
23491	1769989	12995	5
23491	1770246	28	510
23491	1770306	28	100
23491	1770306	23413	1
23492	1769907	28	345
23492	1769911	28	100
23492	1769911	23414	1
23492	1770246	28	345
23492	1770306	28	100
23492	1770306	23414	1
23494	1769907	28	345
23494	1769911	28	100
23494	1769911	23416	1
23494	1770247	28	345
23494	1770306	28	100
23494	1770306	23416	1
23495	1769907	28	510
23495	1769911	28	100
23495	1769911	23417	1
23495	1769989	12995	5
23495	1770247	28	510
23495	1770306	28	100
23495	1770306	23417	1
23496	1769907	28	345
23496	1769911	28	100
23496	1769911	23418	1
23496	1770247	28	345
23496	1770306	28	100
23496	1770306	23418	1
23497	1769907	28	510
23497	1769911	28	100
23497	1769911	23419	1
23497	1769989	12995	5
23497	1770247	28	510
23497	1770306	28	100
23497	1770306	23419	1
23498	1769907	28	345
23498	1769911	28	100
23498	1769911	23420	1
23498	1770247	28	345
23498	1770306	28	100
23498	1770306	23420	1
23500	1769907	28	345
23500	1769911	28	100
23500	1769911	23422	1
23500	1770248	28	345
23500	1770306	28	100
23500	1770306	23422	1
23501	1769907	28	510
23501	1769911	28	100
23501	1769911	23423	1
23501	1769989	12995	5
23501	1770248	28	510
23501	1770306	28	100
23501	1770306	23423	1
23502	1769907	28	345
23502	1769911	28	100
23502	1769911	23424	1
23502	1770248	28	345
23502	1770306	28	100
23502	1770306	23424	1
23503	1769907	28	510
23503	1769911	28	100
23503	1769911	23425	1
23503	1769989	12995	5
23503	1770248	28	510
23503	1770306	28	100
23503	1770306	23425	1
23504	1769907	28	345
23504	1769911	28	100
23504	1769911	23426	1
23504	1770248	28	345
23504	1770306	28	100
23504	1770306	23426	1
23506	1769907	28	345
23506	1769912	28	100
23506	1769912	23428	1
23506	1770250	28	345
23506	1770306	28	100
23506	1770306	23428	1
23507	1769907	28	510
23507	1769912	28	100
23507	1769912	23429	1
23507	1769989	12995	5
23507	1770250	28	510
23507	1770306	28	100
23507	1770306	23429	1
23508	1769907	28	345
23508	1769912	28	100
23508	1769912	23430	1
23508	1770250	28	345
23508	1770306	28	100
23508	1770306	23430	1
23509	1769907	28	510
23509	1769912	28	100
23509	1769912	23431	1
23509	1769989	12995	5
23509	1770250	28	510
23509	1770306	28	100
23509	1770306	23431	1
23510	1769907	28	345
23510	1769912	28	100
23510	1769912	23432	1
23510	1770250	28	345
23510	1770306	28	100
23510	1770306	23432	1
23512	1769907	28	345
23512	1769912	28	100
23512	1769912	23434	1
23512	1770249	28	345
23512	1770306	28	100
23512	1770306	23434	1
23513	1769907	28	510
23513	1769912	28	100
23513	1769912	23435	1
23513	1769989	12995	5
23513	1770249	28	510
23513	1770306	28	100
23513	1770306	23435	1
23514	1769907	28	345
23514	1769912	28	100
23514	1769912	23436	1
23514	1770249	28	345
23514	1770306	28	100
23514	1770306	23436	1
23515	1769907	28	510
23515	1769912	28	100
23515	1769912	23437	1
23515	1769989	12995	5
23515	1770249	28	510
23515	1770306	28	100
23515	1770306	23437	1
23516	1769907	28	345
23516	1769912	28	100
23516	1769912	23438	1
23516	1770249	28	345
23516	1770306	28	100
23516	1770306	23438	1
23518	1769908	28	345
23518	1769913	28	100
23518	1769913	23440	1
23518	1770252	28	345
23518	1770307	28	100
23518	1770307	23440	1
23519	1769908	28	510
23519	1769913	28	100
23519	1769913	23441	1
23519	1769989	12995	5
23519	1770252	28	510
23519	1770307	28	100
23519	1770307	23441	1
23520	1769908	28	345
23520	1769913	28	100
23520	1769913	23442	1
23520	1770252	28	345
23520	1770307	28	100
23520	1770307	23442	1
23521	1769908	28	510
23521	1769913	28	100
23521	1769913	23443	1
23521	1769989	12995	5
23521	1770252	28	510
23521	1770307	28	100
23521	1770307	23443	1
23522	1769908	28	345
23522	1769913	28	100
23522	1769913	23444	1
23522	1770252	28	345
23522	1770307	28	100
23522	1770307	23444	1
23524	1769908	28	345
23524	1769913	28	100
23524	1769913	23446	1
23524	1770251	28	345
23524	1770307	28	100
23524	1770307	23446	1
23525	1769908	28	510
23525	1769913	28	100
23525	1769913	23447	1
23525	1769989	12995	5
23525	1770251	28	510
23525	1770307	28	100
23525	1770307	23447	1
23526	1769908	28	345
23526	1769913	28	100
23526	1769913	23448	1
23526	1770251	28	345
23526	1770307	28	100
23526	1770307	23448	1
23527	1769908	28	510
23527	1769913	28	100
23527	1769913	23449	1
23527	1769989	12995	5
23527	1770251	28	510
23527	1770307	28	100
23527	1770307	23449	1
23528	1769908	28	345
23528	1769913	28	100
23528	1769913	23450	1
23528	1770251	28	345
23528	1770307	28	100
23528	1770307	23450	1
23530	1769907	28	280
23530	1769911	28	100
23530	1769911	23452	1
23530	1770246	28	280
23530	1770306	28	100
23530	1770306	23452	1
23531	1769907	28	280
23531	1769911	28	100
23531	1769911	23453	1
23531	1770247	28	280
23531	1770248	28	280
23531	1770306	28	100
23531	1770306	23453	1
23532	1769907	28	280
23532	1769912	28	100
23532	1769912	23454	1
23532	1770249	28	280
23532	1770250	28	280
23532	1770306	28	100
23532	1770306	23454	1
23533	1769908	28	280
23533	1769913	28	100
23533	1769913	23455	1
23533	1770252	28	280
23533	1770307	28	100
23533	1770307	23455	1
23534	1769908	28	280
23534	1769913	28	100
23534	1769913	23456	1
23534	1770251	28	280
23534	1770307	28	100
23534	1770307	23456	1
23535	1769907	28	280
23535	1769911	28	100
23535	1769911	23457	1
23535	1770246	28	280
23535	1770306	28	100
23535	1770306	23457	1
23536	1769907	28	280
23536	1769911	28	100
23536	1769911	23458	1
23536	1770247	28	280
23536	1770248	28	280
23536	1770306	28	100
23536	1770306	23458	1
23537	1769907	28	280
23537	1769912	28	100
23537	1769912	23459	1
23537	1770249	28	280
23537	1770250	28	280
23537	1770306	28	100
23537	1770306	23459	1
23538	1769908	28	280
23538	1769913	28	100
23538	1769913	23460	1
23538	1770252	28	280
23538	1770307	28	100
23538	1770307	23460	1
23539	1769908	28	280
23539	1769913	28	100
23539	1769913	23461	1
23539	1770251	28	280
23539	1770307	28	100
23539	1770307	23461	1
23540	1769907	28	280
23540	1769911	28	100
23540	1769911	23462	1
23540	1770246	28	280
23540	1770306	28	100
23540	1770306	23462	1
23541	1769907	28	280
23541	1769911	28	100
23541	1769911	23463	1
23541	1770247	28	280
23541	1770248	28	280
23541	1770306	28	100
23541	1770306	23463	1
23542	1769907	28	280
23542	1769912	28	100
23542	1769912	23464	1
23542	1770249	28	280
23542	1770250	28	280
23542	1770306	28	100
23542	1770306	23464	1
23543	1769908	28	280
23543	1769913	28	100
23543	1769913	23465	1
23543	1770252	28	280
23543	1770307	28	100
23543	1770307	23465	1
23544	1769908	28	280
23544	1769913	28	100
23544	1769913	23466	1
23544	1770251	28	280
23544	1770307	28	100
23544	1770307	23466	1
23545	1769907	28	280
23545	1769911	28	100
23545	1769911	23467	1
23545	1770246	28	280
23545	1770306	28	100
23545	1770306	23467	1
23546	1769907	28	280
23546	1769911	28	100
23546	1769911	23468	1
23546	1770247	28	280
23546	1770248	28	280
23546	1770306	28	100
23546	1770306	23468	1
23547	1769907	28	280
23547	1769912	28	100
23547	1769912	23469	1
23547	1770249	28	280
23547	1770250	28	280
23547	1770306	28	100
23547	1770306	23469	1
23548	1769908	28	280
23548	1769913	28	100
23548	1769913	23470	1
23548	1770252	28	280
23548	1770307	28	100
23548	1770307	23470	1
23549	1769908	28	280
23549	1769913	28	100
23549	1769913	23471	1
23549	1770251	28	280
23549	1770307	28	100
23549	1770307	23471	1
23550	1769916	23962	7
23550	1770197	23962	10
23551	1769916	23962	10
23551	1770199	23962	10
23552	1769916	23962	10
23552	1770197	23962	10
23553	1769916	23962	10
23553	1770198	23962	10
23554	1769916	23962	10
23554	1770201	23962	10
23555	1769916	23962	10
23555	1770200	23962	10
23556	1769916	23962	10
23556	1770197	23962	10
23557	1769916	23962	10
23557	1770201	23962	10
23558	1769916	23962	10
23558	1770203	23962	10
23559	1769916	23962	10
23559	1770202	23962	10
23560	1769916	23962	10
23560	1770202	23962	10
23561	1769916	23962	10
23561	1770203	23962	10
23562	1769916	23962	10
23562	1770203	23962	10
23563	1769916	23962	10
23563	1770199	23962	10
23564	1769916	23962	10
23564	1770202	23962	10
23565	1769916	23962	3
23565	1770197	23962	10
23566	1769920	23973	5
23566	1770253	23973	8
23567	1769920	23973	8
23567	1770255	23973	8
23568	1769920	23973	8
23568	1770253	23973	8
23569	1769920	23973	8
23569	1770254	23973	8
23570	1769921	23973	8
23570	1770257	23973	8
23571	1769921	23973	8
23571	1770256	23973	8
23572	1769920	23973	8
23572	1770253	23973	8
23573	1769921	23973	8
23573	1770257	23973	8
23574	1769922	23973	8
23574	1770259	23973	8
23575	1769922	23973	8
23575	1770258	23973	8
23576	1769922	23973	8
23576	1770258	23973	8
23577	1769922	23973	8
23577	1770259	23973	8
23578	1769922	23973	8
23578	1770259	23973	8
23579	1769920	23973	8
23579	1770255	23973	8
23580	1769922	23973	8
23580	1770258	23973	8
23581	1769920	23973	3
23581	1770253	23973	8
23582	1769920	23971	6
23582	1770253	23971	6
23583	1769920	23973	8
23583	1770253	23973	8
23584	1769920	23971	6
23584	1770253	23971	6
23585	1769920	23972	8
23585	1770253	23972	8
23586	1769920	23971	6
23586	1770253	23971	6
23588	1769920	23971	6
23588	1770254	23971	6
23589	1769920	23973	8
23589	1770254	23973	8
23590	1769920	23971	6
23590	1770254	23971	6
23591	1769920	23972	8
23591	1770254	23972	8
23592	1769920	23971	6
23592	1770254	23971	6
23594	1769920	23971	6
23594	1770255	23971	6
23595	1769920	23973	8
23595	1770255	23973	8
23596	1769920	23971	6
23596	1770255	23971	6
23597	1769920	23972	8
23597	1770255	23972	8
23598	1769920	23971	6
23598	1770255	23971	6
23600	1769921	23971	6
23600	1770257	23971	6
23601	1769921	23973	8
23601	1770257	23973	8
23602	1769921	23971	6
23602	1770257	23971	6
23603	1769921	23972	8
23603	1770257	23972	8
23604	1769921	23971	6
23604	1770257	23971	6
23606	1769921	23971	6
23606	1770256	23971	6
23607	1769921	23973	8
23607	1770256	23973	8
23608	1769921	23971	6
23608	1770256	23971	6
23609	1769921	23972	8
23609	1770256	23972	8
23610	1769921	23971	6
23610	1770256	23971	6
23612	1769922	23971	6
23612	1770259	23971	6
23613	1769922	23973	8
23613	1770259	23973	8
23614	1769922	23971	6
23614	1770259	23971	6
23615	1769922	23972	8
23615	1770259	23972	8
23616	1769922	23971	6
23616	1770259	23971	6
23618	1769922	23971	6
23618	1770258	23971	6
23619	1769922	23973	8
23619	1770258	23973	8
23620	1769922	23971	6
23620	1770258	23971	6
23621	1769922	23972	8
23621	1770258	23972	8
23622	1769922	23971	6
23622	1770258	23971	6
23624	1769920	23970	4
23624	1770253	23970	4
23625	1769920	23970	4
23625	1770254	23970	4
23625	1770255	23970	4
23626	1769921	23970	4
23626	1770256	23970	4
23626	1770257	23970	4
23627	1769922	23970	4
23627	1770259	23970	4
23628	1769922	23970	4
23628	1770258	23970	4
23629	1769920	23970	4
23629	1770253	23970	4
23630	1769920	23970	4
23630	1770254	23970	4
23630	1770255	23970	4
23631	1769921	23970	4
23631	1770256	23970	4
23631	1770257	23970	4
23632	1769922	23970	4
23632	1770259	23970	4
23633	1769922	23970	4
23633	1770258	23970	4
23634	1769920	23970	4
23634	1770253	23970	4
23635	1769920	23970	4
23635	1770254	23970	4
23635	1770255	23970	4
23636	1769921	23970	4
23636	1770256	23970	4
23636	1770257	23970	4
23637	1769922	23970	4
23637	1770259	23970	4
23638	1769922	23970	4
23638	1770258	23970	4
23639	1769920	23970	4
23639	1770253	23970	4
23640	1769920	23970	4
23640	1770254	23970	4
23640	1770255	23970	4
23641	1769921	23970	4
23641	1770256	23970	4
23641	1770257	23970	4
23642	1769922	23970	4
23642	1770259	23970	4
23643	1769922	23970	4
23643	1770258	23970	4
23644	1769917	23963	2
23644	1770239	23963	2
23645	1769917	23964	4
23645	1770239	23964	4
23646	1769917	23965	2
23646	1770239	23965	2
23647	1769917	23966	4
23647	1770239	23966	4
23648	1769917	23967	2
23648	1770239	23967	2
23650	1769917	23963	2
23650	1770240	23963	2
23651	1769917	23964	4
23651	1770240	23964	4
23652	1769917	23965	2
23652	1770240	23965	2
23653	1769917	23966	4
23653	1770240	23966	4
23654	1769917	23967	2
23654	1770240	23967	2
23656	1769917	23963	2
23656	1770241	23963	2
23657	1769917	23964	4
23657	1770241	23964	4
23658	1769917	23965	2
23658	1770241	23965	2
23659	1769917	23966	4
23659	1770241	23966	4
23660	1769917	23967	2
23660	1770241	23967	2
23662	1769918	23963	2
23662	1770243	23963	2
23663	1769918	23964	4
23663	1770243	23964	4
23664	1769918	23965	2
23664	1770243	23965	2
23665	1769918	23966	4
23665	1770243	23966	4
23666	1769918	23967	2
23666	1770243	23967	2
23668	1769918	23963	2
23668	1770242	23963	2
23669	1769918	23964	4
23669	1770242	23964	4
23670	1769918	23965	2
23670	1770242	23965	2
23671	1769918	23966	4
23671	1770242	23966	4
23672	1769918	23967	2
23672	1770242	23967	2
23674	1769919	23963	2
23674	1770245	23963	2
23675	1769919	23964	4
23675	1770245	23964	4
23676	1769919	23965	2
23676	1770245	23965	2
23677	1769919	23966	4
23677	1770245	23966	4
23678	1769919	23967	2
23678	1770245	23967	2
23680	1769919	23963	2
23680	1770244	23963	2
23681	1769919	23964	4
23681	1770244	23964	4
23682	1769919	23965	2
23682	1770244	23965	2
23683	1769919	23966	4
23683	1770244	23966	4
23684	1769919	23967	2
23684	1770244	23967	2
23686	1769917	23969	1
23686	1770239	23969	1
23687	1769917	23969	1
23687	1770240	23969	1
23687	1770241	23969	1
23688	1769918	23969	1
23688	1770242	23969	1
23688	1770243	23969	1
23689	1769919	23969	1
23689	1770245	23969	1
23690	1769919	23969	1
23690	1770244	23969	1
23691	1769917	23969	1
23691	1770239	23969	1
23692	1769917	23969	1
23692	1770240	23969	1
23692	1770241	23969	1
23693	1769918	23969	1
23693	1770242	23969	1
23693	1770243	23969	1
23694	1769919	23969	1
23694	1770245	23969	1
23695	1769919	23969	1
23695	1770244	23969	1
23696	1769917	23969	1
23696	1770239	23969	1
23697	1769917	23969	1
23697	1770240	23969	1
23697	1770241	23969	1
23698	1769918	23969	1
23698	1770242	23969	1
23698	1770243	23969	1
23699	1769919	23969	1
23699	1770245	23969	1
23700	1769919	23969	1
23700	1770244	23969	1
23701	1769917	23969	1
23701	1770239	23969	1
23702	1769917	23969	1
23702	1770240	23969	1
23702	1770241	23969	1
23703	1769918	23969	1
23703	1770242	23969	1
23703	1770243	23969	1
23704	1769919	23969	1
23704	1770245	23969	1
23705	1769919	23969	1
23705	1770244	23969	1
24087	1769928	24124	40
24088	1769928	24124	40
24089	1769928	24124	40
24090	1769928	24124	40
24091	1769928	24124	40
24092	1769928	24124	40
24093	1769928	24124	40
24094	1769928	24124	40
24095	1769928	24124	40
24096	1769928	24124	40
24097	1769928	24124	40
24098	1769928	24124	40
24099	1769928	24124	40
24100	1769928	24124	40
24101	1769928	24124	40
24102	1769928	24124	40
24103	1769928	24124	40
24104	1769928	24124	40
24105	1769928	24124	40
24106	1769928	24124	40
24107	1769928	24124	40
24108	1769928	24124	40
24109	1769928	24124	40
24110	1769928	24124	40
24111	1769928	24124	40
24112	1769928	24124	40
24113	1769928	24124	40
24114	1769928	24124	40
24115	1769928	24124	40
24116	1769928	24124	40
24117	1769928	24124	40
24118	1769928	24124	40
24119	1769928	24124	40
24120	1769928	24124	40
24121	1769928	24124	40
24472	1769940	24797	7
24472	1770197	24797	10
24473	1769940	24797	10
24473	1770199	24797	10
24474	1769940	24797	10
24474	1770197	24797	10
24475	1769940	24797	10
24475	1770198	24797	10
24476	1769940	24797	10
24476	1770201	24797	10
24477	1769940	24797	10
24477	1770200	24797	10
24478	1769940	24797	10
24478	1770197	24797	10
24479	1769940	24797	10
24479	1770201	24797	10
24480	1769940	24797	10
24480	1770203	24797	10
24481	1769940	24797	10
24481	1770202	24797	10
24482	1769940	24797	10
24482	1770202	24797	10
24483	1769940	24797	10
24483	1770203	24797	10
24484	1769940	24797	10
24484	1770203	24797	10
24485	1769940	24797	10
24485	1770199	24797	10
24486	1769940	24797	10
24486	1770202	24797	10
24487	1769940	24797	3
24487	1770197	24797	10
24723	1769934	24087	1
24723	1769934	24807	30
24724	1769934	24088	1
24724	1769934	24807	50
24725	1769934	24089	1
24725	1769934	24807	30
24726	1769934	24090	1
24726	1769934	24807	50
24727	1769934	24091	1
24727	1769934	24807	30
24728	1769934	24092	1
24728	1769934	24807	30
24729	1769934	24093	1
24729	1769934	24807	50
24730	1769934	24094	1
24730	1769934	24807	30
24731	1769934	24095	1
24731	1769934	24807	50
24732	1769934	24096	1
24732	1769934	24807	30
24733	1769934	24097	1
24733	1769934	24807	30
24734	1769934	24098	1
24734	1769934	24807	50
24735	1769934	24099	1
24735	1769934	24807	30
24736	1769934	24100	1
24736	1769934	24807	50
24737	1769934	24101	1
24737	1769934	24807	30
24738	1769934	24102	1
24738	1769934	24807	30
24739	1769934	24103	1
24739	1769934	24807	50
24740	1769934	24104	1
24740	1769934	24807	30
24741	1769934	24105	1
24741	1769934	24807	50
24742	1769934	24106	1
24742	1769934	24807	30
24743	1769934	24107	1
24743	1769934	24807	30
24744	1769934	24108	1
24744	1769934	24807	50
24745	1769934	24109	1
24745	1769934	24807	30
24746	1769934	24110	1
24746	1769934	24807	50
24747	1769934	24111	1
24747	1769934	24807	30
24748	1769934	24112	1
24748	1769934	24807	30
24749	1769934	24113	1
24749	1769934	24807	50
24750	1769934	24114	1
24750	1769934	24807	30
24751	1769934	24115	1
24751	1769934	24807	50
24752	1769934	24116	1
24752	1769934	24807	30
24753	1769934	24117	1
24753	1769934	24807	30
24754	1769934	24118	1
24754	1769934	24807	50
24755	1769934	24119	1
24755	1769934	24807	30
24756	1769934	24120	1
24756	1769934	24807	50
24757	1769934	24121	1
24757	1769934	24807	30
24758	1769935	24723	1
24758	1769935	24808	21
24759	1769935	24724	1
24759	1769935	24808	35
24760	1769935	24725	1
24760	1769935	24808	21
24761	1769935	24726	1
24761	1769935	24808	35
24762	1769935	24727	1
24762	1769935	24808	21
24763	1769935	24728	1
24763	1769935	24808	21
24764	1769935	24729	1
24764	1769935	24808	35
24765	1769935	24730	1
24765	1769935	24808	21
24766	1769935	24731	1
24766	1769935	24808	35
24767	1769935	24732	1
24767	1769935	24808	21
24768	1769935	24733	1
24768	1769935	24808	21
24769	1769935	24734	1
24769	1769935	24808	35
24770	1769935	24735	1
24770	1769935	24808	21
24771	1769935	24736	1
24771	1769935	24808	35
24772	1769935	24737	1
24772	1769935	24808	21
24773	1769935	24738	1
24773	1769935	24808	21
24774	1769935	24739	1
24774	1769935	24808	35
24775	1769935	24740	1
24775	1769935	24808	21
24776	1769935	24741	1
24776	1769935	24808	35
24777	1769935	24742	1
24777	1769935	24808	21
24778	1769935	24743	1
24778	1769935	24808	21
24779	1769935	24744	1
24779	1769935	24808	35
24780	1769935	24745	1
24780	1769935	24808	21
24781	1769935	24746	1
24781	1769935	24808	35
24782	1769935	24747	1
24782	1769935	24808	21
24783	1769935	24748	1
24783	1769935	24808	21
24784	1769935	24749	1
24784	1769935	24808	35
24785	1769935	24750	1
24785	1769935	24808	21
24786	1769935	24751	1
24786	1769935	24808	35
24787	1769935	24752	1
24787	1769935	24808	21
24788	1769935	24753	1
24788	1769935	24808	21
24789	1769935	24754	1
24789	1769935	24808	35
24790	1769935	24755	1
24790	1769935	24808	21
24791	1769935	24756	1
24791	1769935	24808	35
24792	1769935	24757	1
24792	1769935	24808	21
24850	1769936	24815	2
24851	1769936	24815	2
24852	1769936	24815	2
24853	1769936	24815	2
24854	1769936	24815	2
24910	1769947	24988	15
24910	1769947	24989	4
24911	1769947	24988	27
24911	1769947	24989	7
24912	1769947	24988	27
24912	1769947	24989	7
24913	1769947	24988	27
24913	1769947	24989	7
24914	1769947	24988	27
24914	1769947	24989	7
24915	1769947	24988	27
24915	1769947	24989	7
24916	1769947	24988	27
24916	1769947	24989	7
24917	1769947	24988	27
24917	1769947	24989	7
24918	1769947	24988	27
24918	1769947	24989	7
24919	1769947	24988	27
24919	1769947	24989	7
24920	1769947	24988	27
24920	1769947	24989	7
24921	1769947	24988	27
24921	1769947	24989	7
24922	1769947	24988	27
24922	1769947	24989	7
24923	1769947	24988	27
24923	1769947	24989	7
24924	1769947	24988	27
24924	1769947	24989	7
24925	1769947	24988	12
24925	1769947	24989	3
24926	1769948	24988	15
24926	1769948	24989	3
24927	1769948	24988	21
24927	1769948	24989	5
24928	1769948	24988	15
24928	1769948	24989	3
24929	1769948	24988	21
24929	1769948	24989	5
24930	1769948	24988	15
24930	1769948	24989	3
24932	1769948	24988	15
24932	1769948	24989	3
24933	1769948	24988	21
24933	1769948	24989	5
24934	1769948	24988	15
24934	1769948	24989	3
24935	1769948	24988	21
24935	1769948	24989	5
24936	1769948	24988	15
24936	1769948	24989	3
24938	1769948	24988	15
24938	1769948	24989	3
24939	1769948	24988	21
24939	1769948	24989	5
24940	1769948	24988	15
24940	1769948	24989	3
24941	1769948	24988	21
24941	1769948	24989	5
24942	1769948	24988	15
24942	1769948	24989	3
24944	1769948	24988	15
24944	1769948	24989	3
24945	1769948	24988	21
24945	1769948	24989	5
24946	1769948	24988	15
24946	1769948	24989	3
24947	1769948	24988	21
24947	1769948	24989	5
24948	1769948	24988	15
24948	1769948	24989	3
24950	1769948	24988	15
24950	1769948	24989	3
24951	1769948	24988	21
24951	1769948	24989	5
24952	1769948	24988	15
24952	1769948	24989	3
24953	1769948	24988	21
24953	1769948	24989	5
24954	1769948	24988	15
24954	1769948	24989	3
24956	1769948	24988	15
24956	1769948	24989	3
24957	1769948	24988	21
24957	1769948	24989	5
24958	1769948	24988	15
24958	1769948	24989	3
24959	1769948	24988	21
24959	1769948	24989	5
24960	1769948	24988	15
24960	1769948	24989	3
24962	1769948	24988	15
24962	1769948	24989	3
24963	1769948	24988	21
24963	1769948	24989	5
24964	1769948	24988	15
24964	1769948	24989	3
24965	1769948	24988	21
24965	1769948	24989	5
24966	1769948	24988	15
24966	1769948	24989	3
24968	1769949	24988	9
24968	1769949	24989	2
24969	1769949	24988	9
24969	1769949	24989	2
24970	1769949	24988	9
24970	1769949	24989	2
24971	1769949	24988	9
24971	1769949	24989	2
24972	1769949	24988	9
24972	1769949	24989	2
24973	1769949	24988	9
24973	1769949	24989	2
24974	1769949	24988	9
24974	1769949	24989	2
24975	1769949	24988	9
24975	1769949	24989	2
24976	1769949	24988	9
24976	1769949	24989	2
24977	1769949	24988	9
24977	1769949	24989	2
24978	1769949	24988	9
24978	1769949	24989	2
24979	1769949	24988	9
24979	1769949	24989	2
24980	1769949	24988	9
24980	1769949	24989	2
24981	1769949	24988	9
24981	1769949	24989	2
24982	1769949	24988	9
24982	1769949	24989	2
24983	1769949	24988	9
24983	1769949	24989	2
24984	1769949	24988	9
24984	1769949	24989	2
24985	1769949	24988	9
24985	1769949	24989	2
24986	1769949	24988	9
24986	1769949	24989	2
24987	1769949	24988	9
24987	1769949	24989	2
25388	1770049	26533	50
25389	1770049	26533	70
25390	1770049	26533	70
25391	1770049	26533	70
25392	1770049	26533	70
25393	1770049	26533	70
25394	1770049	26533	70
25395	1770049	26533	70
25396	1770050	26533	70
25397	1770050	26533	70
25398	1770050	26533	70
25399	1770050	26533	70
25400	1770050	26533	70
25401	1770049	26533	70
25402	1770050	26533	70
25403	1770049	26533	70
25404	1770049	26533	70
25405	1770049	26533	20
25406	1770049	26533	35
25407	1770049	26533	60
25408	1770049	26533	35
25409	1770049	26533	60
25410	1770049	26533	35
25412	1770049	26533	35
25413	1770049	26533	60
25414	1770049	26533	35
25415	1770049	26533	60
25416	1770049	26533	35
25418	1770049	26533	35
25419	1770049	26533	60
25420	1770049	26533	35
25421	1770049	26533	60
25422	1770049	26533	35
25424	1770049	26533	35
25425	1770049	26533	60
25426	1770049	26533	35
25427	1770049	26533	60
25428	1770049	26533	35
25430	1770049	26533	35
25431	1770049	26533	60
25432	1770049	26533	35
25433	1770049	26533	60
25434	1770049	26533	35
25436	1770050	26533	35
25437	1770050	26533	60
25438	1770050	26533	35
25439	1770050	26533	60
25440	1770050	26533	35
25442	1770050	26533	35
25443	1770050	26533	60
25444	1770050	26533	35
25445	1770050	26533	60
25446	1770050	26533	35
25448	1770049	26533	25
25449	1770049	26533	25
25450	1770049	26533	25
25451	1770050	26533	25
25452	1770050	26533	25
25453	1770049	26533	25
25454	1770049	26533	25
25455	1770049	26533	25
25456	1770050	26533	25
25457	1770050	26533	25
25458	1770049	26533	25
25459	1770049	26533	25
25460	1770049	26533	25
25461	1770050	26533	25
25462	1770050	26533	25
25463	1770049	26533	25
25464	1770049	26533	25
25465	1770049	26533	25
25466	1770050	26533	25
25467	1770050	26533	25
25548	1769983	28	430
25548	1769984	28	100
25548	1769984	25468	1
25548	1769984	25485	1
25548	1770317	26533	100
25549	1769983	28	600
25549	1769984	28	100
25549	1769984	25469	1
25549	1770317	26533	140
25550	1769983	28	600
25550	1769984	28	100
25550	1769984	25470	1
25550	1770317	26533	140
25551	1769983	28	600
25551	1769984	28	100
25551	1769984	25471	1
25551	1770317	26533	140
25552	1769983	28	600
25552	1769985	28	100
25552	1769985	25472	1
25552	1770317	26533	140
25553	1769983	28	600
25553	1769985	28	100
25553	1769985	25473	1
25553	1770317	26533	140
25554	1769983	28	600
25554	1769984	28	100
25554	1769984	25474	1
25554	1770317	26533	140
25555	1769983	28	600
25555	1769985	28	100
25555	1769985	25475	1
25555	1770317	26533	140
25556	1769983	28	600
25556	1769986	28	100
25556	1769986	25476	1
25556	1770318	26533	140
25557	1769983	28	600
25557	1769986	28	100
25557	1769986	25477	1
25557	1770318	26533	140
25558	1769983	28	600
25558	1769986	28	100
25558	1769986	25478	1
25558	1770318	26533	140
25559	1769983	28	600
25559	1769986	28	100
25559	1769986	25479	1
25559	1770318	26533	140
25560	1769983	28	600
25560	1769986	28	100
25560	1769986	25480	1
25560	1770318	26533	140
25561	1769983	28	600
25561	1769984	28	100
25561	1769984	25481	1
25561	1770317	26533	140
25562	1769983	28	600
25562	1769986	28	100
25562	1769986	25482	1
25562	1770318	26533	140
25563	1769983	28	600
25563	1769984	28	100
25563	1769984	25483	1
25563	1770317	26533	140
25564	1769983	28	600
25564	1769985	28	100
25564	1769985	25484	1
25564	1770317	26533	140
25565	1769984	28	100
25565	1769984	25468	1
25565	1769984	25485	1
25565	1770317	26533	40
25566	1769984	28	100
25566	1769984	25486	1
25566	1770317	26533	70
25567	1769984	28	100
25567	1769984	25487	1
25567	1770317	26533	120
25568	1769984	28	100
25568	1769984	25488	1
25568	1770317	26533	70
25569	1769984	28	100
25569	1769984	25489	1
25569	1770317	26533	120
25570	1769984	28	100
25570	1769984	25490	1
25570	1770317	26533	70
25572	1769984	28	100
25572	1769984	25492	1
25572	1770317	26533	70
25573	1769984	28	100
25573	1769984	25493	1
25573	1770317	26533	120
25574	1769984	28	100
25574	1769984	25494	1
25574	1770317	26533	70
25575	1769984	28	100
25575	1769984	25495	1
25575	1770317	26533	120
25576	1769984	28	100
25576	1769984	25496	1
25576	1770317	26533	70
25578	1769984	28	100
25578	1769984	25498	1
25578	1770317	26533	70
25579	1769984	28	100
25579	1769984	25499	1
25579	1770317	26533	120
25580	1769984	28	100
25580	1769984	25500	1
25580	1770317	26533	70
25581	1769984	28	100
25581	1769984	25501	1
25581	1770317	26533	120
25582	1769984	28	100
25582	1769984	25502	1
25582	1770317	26533	70
25584	1769985	28	100
25584	1769985	25504	1
25584	1770317	26533	70
25585	1769985	28	100
25585	1769985	25505	1
25585	1770317	26533	120
25586	1769985	28	100
25586	1769985	25506	1
25586	1770317	26533	70
25587	1769985	28	100
25587	1769985	25507	1
25587	1770317	26533	120
25588	1769985	28	100
25588	1769985	25508	1
25588	1770317	26533	70
25590	1769985	28	100
25590	1769985	25510	1
25590	1770317	26533	70
25591	1769985	28	100
25591	1769985	25511	1
25591	1770317	26533	120
25592	1769985	28	100
25592	1769985	25512	1
25592	1770317	26533	70
25593	1769985	28	100
25593	1769985	25513	1
25593	1770317	26533	120
25594	1769985	28	100
25594	1769985	25514	1
25594	1770317	26533	70
25596	1769986	28	100
25596	1769986	25516	1
25596	1770318	26533	70
25597	1769986	28	100
25597	1769986	25517	1
25597	1770318	26533	120
25598	1769986	28	100
25598	1769986	25518	1
25598	1770318	26533	70
25599	1769986	28	100
25599	1769986	25519	1
25599	1770318	26533	120
25600	1769986	28	100
25600	1769986	25520	1
25600	1770318	26533	70
25602	1769986	28	100
25602	1769986	25522	1
25602	1770318	26533	70
25603	1769986	28	100
25603	1769986	25523	1
25603	1770318	26533	120
25604	1769986	28	100
25604	1769986	25524	1
25604	1770318	26533	70
25605	1769986	28	100
25605	1769986	25525	1
25605	1770318	26533	120
25606	1769986	28	100
25606	1769986	25526	1
25606	1770318	26533	70
25608	1769984	28	100
25608	1769984	25528	1
25608	1770317	26533	55
25609	1769984	28	100
25609	1769984	25529	1
25609	1770317	26533	55
25610	1769985	28	100
25610	1769985	25530	1
25610	1770317	26533	55
25611	1769986	28	100
25611	1769986	25531	1
25611	1770318	26533	55
25612	1769986	28	100
25612	1769986	25532	1
25612	1770318	26533	55
25613	1769984	28	100
25613	1769984	25533	1
25613	1770317	26533	55
25614	1769984	28	100
25614	1769984	25534	1
25614	1770317	26533	55
25615	1769985	28	100
25615	1769985	25535	1
25615	1770317	26533	55
25616	1769986	28	100
25616	1769986	25536	1
25616	1770318	26533	55
25617	1769986	28	100
25617	1769986	25537	1
25617	1770318	26533	55
25618	1769984	28	100
25618	1769984	25538	1
25618	1770317	26533	55
25619	1769984	28	100
25619	1769984	25539	1
25619	1770317	26533	55
25620	1769985	28	100
25620	1769985	25540	1
25620	1770317	26533	55
25621	1769986	28	100
25621	1769986	25541	1
25621	1770318	26533	55
25622	1769986	28	100
25622	1769986	25542	1
25622	1770318	26533	55
25623	1769984	28	100
25623	1769984	25543	1
25623	1770317	26533	55
25624	1769984	28	100
25624	1769984	25544	1
25624	1770317	26533	55
25625	1769985	28	100
25625	1769985	25545	1
25625	1770317	26533	55
25626	1769986	28	100
25626	1769986	25546	1
25626	1770318	26533	55
25627	1769986	28	100
25627	1769986	25547	1
25627	1770318	26533	55
26935	1769980	27403	5
26935	1770368	27403	8
26936	1769980	27403	8
26936	1770370	27403	8
26937	1769980	27403	8
26937	1770368	27403	8
26938	1769980	27403	8
26938	1770369	27403	8
26939	1769981	27403	8
26939	1770372	27403	8
26940	1769981	27403	8
26940	1770371	27403	8
26941	1769980	27403	8
26941	1770368	27403	8
26942	1769981	27403	8
26942	1770372	27403	8
26943	1769982	27403	8
26943	1770374	27403	8
26944	1769982	27403	8
26944	1770373	27403	8
26945	1769982	27403	8
26945	1770373	27403	8
26946	1769982	27403	8
26946	1770374	27403	8
26947	1769982	27403	8
26947	1770374	27403	8
26948	1769980	27403	8
26948	1770370	27403	8
26949	1769982	27403	8
26949	1770373	27403	8
26950	1769980	27403	8
26950	1770368	27403	8
26951	1769981	27403	8
26951	1770372	27403	8
26952	1769980	27403	3
26952	1770368	27403	8
26953	1769980	27401	6
26953	1770368	27401	6
26954	1769980	27403	8
26954	1770368	27403	8
26955	1769980	27401	6
26955	1770368	27401	6
26956	1769980	27402	8
26956	1770368	27402	8
26957	1769980	27401	6
26957	1770368	27401	6
26959	1769980	27401	6
26959	1770369	27401	6
26960	1769980	27403	8
26960	1770369	27403	8
26961	1769980	27401	6
26961	1770369	27401	6
26962	1769980	27402	8
26962	1770369	27402	8
26963	1769980	27401	6
26963	1770369	27401	6
26965	1769980	27401	6
26965	1770370	27401	6
26966	1769980	27403	8
26966	1770370	27403	8
26967	1769980	27401	6
26967	1770370	27401	6
26968	1769980	27402	8
26968	1770370	27402	8
26969	1769980	27401	6
26969	1770370	27401	6
26971	1769981	27401	6
26971	1770372	27401	6
26972	1769981	27403	8
26972	1770372	27403	8
26973	1769981	27401	6
26973	1770372	27401	6
26974	1769981	27402	8
26974	1770372	27402	8
26975	1769981	27401	6
26975	1770372	27401	6
26977	1769981	27401	6
26977	1770371	27401	6
26978	1769981	27403	8
26978	1770371	27403	8
26979	1769981	27401	6
26979	1770371	27401	6
26980	1769981	27402	8
26980	1770371	27402	8
26981	1769981	27401	6
26981	1770371	27401	6
26983	1769982	27401	6
26983	1770374	27401	6
26984	1769982	27403	8
26984	1770374	27403	8
26985	1769982	27401	6
26985	1770374	27401	6
26986	1769982	27402	8
26986	1770374	27402	8
26987	1769982	27401	6
26987	1770374	27401	6
26989	1769982	27401	6
26989	1770373	27401	6
26990	1769982	27403	8
26990	1770373	27403	8
26991	1769982	27401	6
26991	1770373	27401	6
26992	1769982	27402	8
26992	1770373	27402	8
26993	1769982	27401	6
26993	1770373	27401	6
26995	1769980	27400	4
26995	1770368	27400	4
26996	1769980	27400	4
26996	1770369	27400	4
26996	1770370	27400	4
26997	1769981	27400	4
26997	1770371	27400	4
26997	1770372	27400	4
26998	1769982	27400	4
26998	1770374	27400	4
26999	1769982	27400	4
26999	1770373	27400	4
27000	1769980	27400	4
27000	1770368	27400	4
27001	1769980	27400	4
27001	1770369	27400	4
27001	1770370	27400	4
27002	1769981	27400	4
27002	1770371	27400	4
27002	1770372	27400	4
27003	1769982	27400	4
27003	1770374	27400	4
27004	1769982	27400	4
27004	1770373	27400	4
27005	1769980	27400	4
27005	1770368	27400	4
27006	1769980	27400	4
27006	1770369	27400	4
27006	1770370	27400	4
27007	1769981	27400	4
27007	1770371	27400	4
27007	1770372	27400	4
27008	1769982	27400	4
27008	1770374	27400	4
27009	1769982	27400	4
27009	1770373	27400	4
27010	1769980	27400	4
27010	1770368	27400	4
27011	1769980	27400	4
27011	1770369	27400	4
27011	1770370	27400	4
27012	1769981	27400	4
27012	1770371	27400	4
27012	1770372	27400	4
27013	1769982	27400	4
27013	1770374	27400	4
27014	1769982	27400	4
27014	1770373	27400	4
27015	1769977	27393	2
27015	1770361	27393	2
27016	1769977	27394	4
27016	1770361	27394	4
27017	1769977	27395	2
27017	1770361	27395	2
27018	1769977	27396	4
27018	1770361	27396	4
27019	1769977	27397	2
27019	1770361	27397	2
27021	1769977	27393	2
27021	1770362	27393	2
27022	1769977	27394	4
27022	1770362	27394	4
27023	1769977	27395	2
27023	1770362	27395	2
27024	1769977	27396	4
27024	1770362	27396	4
27025	1769977	27397	2
27025	1770362	27397	2
27027	1769977	27393	2
27027	1770363	27393	2
27028	1769977	27394	4
27028	1770363	27394	4
27029	1769977	27395	2
27029	1770363	27395	2
27030	1769977	27396	4
27030	1770363	27396	4
27031	1769977	27397	2
27031	1770363	27397	2
27033	1769978	27393	2
27033	1770365	27393	2
27034	1769978	27394	4
27034	1770365	27394	4
27035	1769978	27395	2
27035	1770365	27395	2
27036	1769978	27396	4
27036	1770365	27396	4
27037	1769978	27397	2
27037	1770365	27397	2
27039	1769978	27393	2
27039	1770364	27393	2
27040	1769978	27394	4
27040	1770364	27394	4
27041	1769978	27395	2
27041	1770364	27395	2
27042	1769978	27396	4
27042	1770364	27396	4
27043	1769978	27397	2
27043	1770364	27397	2
27045	1769979	27393	2
27045	1770367	27393	2
27046	1769979	27394	4
27046	1770367	27394	4
27047	1769979	27395	2
27047	1770367	27395	2
27048	1769979	27396	4
27048	1770367	27396	4
27049	1769979	27397	2
27049	1770367	27397	2
27051	1769979	27393	2
27051	1770366	27393	2
27052	1769979	27394	4
27052	1770366	27394	4
27053	1769979	27395	2
27053	1770366	27395	2
27054	1769979	27396	4
27054	1770366	27396	4
27055	1769979	27397	2
27055	1770366	27397	2
27057	1769977	27399	1
27057	1770361	27399	1
27058	1769977	27399	1
27058	1770362	27399	1
27058	1770363	27399	1
27059	1769978	27399	1
27059	1770364	27399	1
27059	1770365	27399	1
27060	1769979	27399	1
27060	1770367	27399	1
27061	1769979	27399	1
27061	1770366	27399	1
27062	1769977	27399	1
27062	1770361	27399	1
27063	1769977	27399	1
27063	1770362	27399	1
27063	1770363	27399	1
27064	1769978	27399	1
27064	1770364	27399	1
27064	1770365	27399	1
27065	1769979	27399	1
27065	1770367	27399	1
27066	1769979	27399	1
27066	1770366	27399	1
27067	1769977	27399	1
27067	1770361	27399	1
27068	1769977	27399	1
27068	1770362	27399	1
27068	1770363	27399	1
27069	1769978	27399	1
27069	1770364	27399	1
27069	1770365	27399	1
27070	1769979	27399	1
27070	1770367	27399	1
27071	1769979	27399	1
27071	1770366	27399	1
27072	1769977	27399	1
27072	1770361	27399	1
27073	1769977	27399	1
27073	1770362	27399	1
27073	1770363	27399	1
27074	1769978	27399	1
27074	1770364	27399	1
27074	1770365	27399	1
27075	1769979	27399	1
27075	1770367	27399	1
27076	1769979	27399	1
27076	1770366	27399	1
27347	1769869	23165	3
27348	1769869	23165	3
27349	1769869	23165	6
27349	1769869	27347	1
27350	1769869	23165	6
27350	1769869	27348	1
27353	1769734	28	100
27353	1769734	27351	1
27353	1769737	28	600
27353	1769988	12995	5
27353	1770165	28	600
27353	1770304	28	100
27353	1770304	27351	1
27354	1769735	28	100
27354	1769735	27352	1
27354	1769737	28	600
27354	1769988	12995	5
27354	1770169	28	600
27354	1770304	28	100
27354	1770304	27352	1
27379	1769870	23166	10
27380	1769870	23166	10
27385	1769910	28	600
27385	1769911	28	100
27385	1769911	27383	1
27385	1769989	12995	5
27385	1770246	28	600
27385	1770306	28	100
27385	1770306	27383	1
27386	1769910	28	600
27386	1769912	28	100
27386	1769912	27384	1
27386	1769989	12995	5
27386	1770250	28	600
27386	1770306	28	100
27386	1770306	27384	1
27387	1769920	23973	8
27387	1770253	23973	8
27388	1769921	23973	8
27388	1770257	23973	8
27389	1769852	28	600
27389	1769861	28	100
27389	1769861	27381	1
27389	1770225	28	600
27390	1769852	28	600
27390	1769862	28	100
27390	1769862	27382	1
27390	1770229	28	600
27596	1769970	27391	7
27596	1770354	27391	10
27597	1769970	27391	10
27597	1770356	27391	10
27598	1769970	27391	10
27598	1770354	27391	10
27599	1769970	27391	10
27599	1770355	27391	10
27600	1769970	27391	10
27600	1770358	27391	10
27601	1769970	27391	10
27601	1770357	27391	10
27602	1769970	27391	10
27602	1770354	27391	10
27603	1769970	27391	10
27603	1770358	27391	10
27604	1769970	27391	10
27604	1770360	27391	10
27605	1769970	27391	10
27605	1770359	27391	10
27606	1769970	27391	10
27606	1770359	27391	10
27607	1769970	27391	10
27607	1770360	27391	10
27608	1769970	27391	10
27608	1770360	27391	10
27609	1769970	27391	10
27609	1770356	27391	10
27610	1769970	27391	10
27610	1770359	27391	10
27611	1769970	27391	10
27611	1770354	27391	10
27612	1769970	27391	10
27612	1770358	27391	10
27613	1769970	27391	3
27613	1770354	27391	10
27614	1769969	27392	5
27614	1770354	27392	5
27615	1769969	27392	5
27615	1770355	27392	5
27615	1770356	27392	5
27616	1769969	27392	5
27616	1770357	27392	5
27616	1770358	27392	5
27617	1769969	27392	5
27617	1770360	27392	5
27618	1769969	27392	5
27618	1770359	27392	5
27619	1769969	27392	5
27619	1770354	27392	5
27620	1769969	27392	5
27620	1770355	27392	5
27620	1770356	27392	5
27621	1769969	27392	5
27621	1770357	27392	5
27621	1770358	27392	5
27622	1769969	27392	5
27622	1770360	27392	5
27623	1769969	27392	5
27623	1770359	27392	5
27624	1769969	27392	5
27624	1770354	27392	5
27625	1769969	27392	5
27625	1770355	27392	5
27625	1770356	27392	5
27626	1769969	27392	5
27626	1770357	27392	5
27626	1770358	27392	5
27627	1769969	27392	5
27627	1770360	27392	5
27628	1769969	27392	5
27628	1770359	27392	5
27629	1769969	27392	5
27629	1770354	27392	5
27630	1769969	27392	5
27630	1770355	27392	5
27630	1770356	27392	5
27631	1769969	27392	5
27631	1770357	27392	5
27631	1770358	27392	5
27632	1769969	27392	5
27632	1770360	27392	5
27633	1769969	27392	5
27633	1770359	27392	5
28209	1769930	46179	15
28210	1769930	46179	15
28215	1769930	46179	15
28216	1769930	46179	15
28221	1769930	46179	15
28222	1769930	46179	15
28227	1769930	46179	15
28228	1769930	46179	15
28233	1769930	46179	15
28234	1769930	46179	15
28239	1769930	46179	15
28240	1769930	46179	15
28245	1769930	46179	15
28246	1769930	46179	15
28271	1770017	28708	7
28271	1770354	28708	10
28272	1770017	28708	10
28272	1770356	28708	10
28273	1770017	28708	10
28273	1770354	28708	10
28274	1770017	28708	10
28274	1770355	28708	10
28275	1770017	28708	10
28275	1770358	28708	10
28276	1770017	28708	10
28276	1770357	28708	10
28277	1770017	28708	10
28277	1770354	28708	10
28278	1770017	28708	10
28278	1770358	28708	10
28279	1770017	28708	10
28279	1770360	28708	10
28280	1770017	28708	10
28280	1770359	28708	10
28281	1770017	28708	10
28281	1770359	28708	10
28282	1770017	28708	10
28282	1770360	28708	10
28283	1770017	28708	10
28283	1770360	28708	10
28284	1770017	28708	10
28284	1770356	28708	10
28285	1770017	28708	10
28285	1770359	28708	10
28286	1770017	28708	10
28286	1770354	28708	10
28287	1770017	28708	10
28287	1770358	28708	10
28288	1770017	28708	3
28288	1770354	28708	10
28289	1770018	28633	1
28289	1770354	28633	1
28290	1770018	28633	1
28290	1770356	28633	1
28291	1770018	28633	1
28291	1770354	28633	1
28292	1770018	28633	1
28292	1770355	28633	1
28293	1770018	28633	1
28293	1770358	28633	1
28294	1770018	28633	1
28294	1770357	28633	1
28295	1770018	28633	1
28295	1770354	28633	1
28296	1770018	28633	1
28296	1770358	28633	1
28297	1770018	28633	1
28297	1770360	28633	1
28298	1770018	28633	1
28298	1770359	28633	1
28299	1770018	28633	1
28299	1770359	28633	1
28300	1770018	28633	1
28300	1770360	28633	1
28301	1770018	28633	1
28301	1770360	28633	1
28302	1770018	28633	1
28302	1770356	28633	1
28303	1770018	28633	1
28303	1770359	28633	1
28304	1770018	28633	1
28304	1770354	28633	1
28305	1770018	28633	1
28305	1770358	28633	1
28306	1770018	28633	1
28306	1770354	28633	1
28381	1770025	28722	4
28381	1770025	28723	24
28382	1770025	28722	7
28382	1770025	28723	45
28383	1770025	28722	7
28383	1770025	28723	45
28384	1770025	28722	7
28384	1770025	28723	45
28385	1770025	28722	7
28385	1770025	28723	45
28386	1770025	28722	7
28386	1770025	28723	45
28387	1770025	28722	7
28387	1770025	28723	45
28388	1770025	28722	7
28388	1770025	28723	45
28389	1770025	28722	7
28389	1770025	28723	45
28390	1770025	28722	7
28390	1770025	28723	45
28391	1770025	28722	7
28391	1770025	28723	45
28392	1770025	28722	7
28392	1770025	28723	45
28393	1770025	28722	7
28393	1770025	28723	45
28394	1770025	28722	7
28394	1770025	28723	45
28395	1770025	28722	7
28395	1770025	28723	45
28396	1770025	28722	7
28396	1770025	28723	45
28397	1770025	28722	7
28397	1770025	28723	45
28398	1770025	28722	3
28398	1770025	28723	21
28399	1770026	28722	3
28399	1770026	28723	33
28400	1770026	28722	5
28400	1770026	28723	42
28401	1770026	28722	3
28401	1770026	28723	33
28402	1770026	28722	5
28402	1770026	28723	42
28403	1770026	28722	3
28403	1770026	28723	33
28405	1770026	28722	3
28405	1770026	28723	33
28406	1770026	28722	5
28406	1770026	28723	42
28407	1770026	28722	3
28407	1770026	28723	33
28408	1770026	28722	5
28408	1770026	28723	42
28409	1770026	28722	3
28409	1770026	28723	33
28411	1770026	28722	3
28411	1770026	28723	33
28412	1770026	28722	5
28412	1770026	28723	42
28413	1770026	28722	3
28413	1770026	28723	33
28414	1770026	28722	5
28414	1770026	28723	42
28415	1770026	28722	3
28415	1770026	28723	33
28417	1770026	28722	3
28417	1770026	28723	33
28418	1770026	28722	5
28418	1770026	28723	42
28419	1770026	28722	3
28419	1770026	28723	33
28420	1770026	28722	5
28420	1770026	28723	42
28421	1770026	28722	3
28421	1770026	28723	33
28423	1770026	28722	3
28423	1770026	28723	33
28424	1770026	28722	5
28424	1770026	28723	42
28425	1770026	28722	3
28425	1770026	28723	33
28426	1770026	28722	5
28426	1770026	28723	42
28427	1770026	28722	3
28427	1770026	28723	33
28429	1770026	28722	3
28429	1770026	28723	33
28430	1770026	28722	5
28430	1770026	28723	42
28431	1770026	28722	3
28431	1770026	28723	33
28432	1770026	28722	5
28432	1770026	28723	42
28433	1770026	28722	3
28433	1770026	28723	33
28435	1770026	28722	3
28435	1770026	28723	33
28436	1770026	28722	5
28436	1770026	28723	42
28437	1770026	28722	3
28437	1770026	28723	33
28438	1770026	28722	5
28438	1770026	28723	42
28439	1770026	28722	3
28439	1770026	28723	33
28441	1770027	28722	2
28441	1770027	28723	12
28442	1770027	28722	2
28442	1770027	28723	12
28443	1770027	28722	2
28443	1770027	28723	12
28444	1770027	28722	2
28444	1770027	28723	12
28445	1770027	28722	2
28445	1770027	28723	12
28446	1770027	28722	2
28446	1770027	28723	12
28447	1770027	28722	2
28447	1770027	28723	12
28448	1770027	28722	2
28448	1770027	28723	12
28449	1770027	28722	2
28449	1770027	28723	12
28450	1770027	28722	2
28450	1770027	28723	12
28451	1770027	28722	2
28451	1770027	28723	12
28452	1770027	28722	2
28452	1770027	28723	12
28453	1770027	28722	2
28453	1770027	28723	12
28454	1770027	28722	2
28454	1770027	28723	12
28455	1770027	28722	2
28455	1770027	28723	12
28456	1770027	28722	2
28456	1770027	28723	12
28457	1770027	28722	2
28457	1770027	28723	12
28458	1770027	28722	2
28458	1770027	28723	12
28459	1770027	28722	2
28459	1770027	28723	12
28460	1770027	28722	2
28460	1770027	28723	12
28492	1770032	27	800
28493	1770032	27	400
28494	1770032	27	400
28495	1770032	27	400
28496	1770032	27	400
29002	1770064	29001	7
29002	1770354	29001	10
29003	1770064	29001	10
29003	1770356	29001	10
29004	1770064	29001	10
29004	1770354	29001	10
29005	1770064	29001	10
29005	1770355	29001	10
29006	1770064	29001	10
29006	1770358	29001	10
29007	1770064	29001	10
29007	1770357	29001	10
29008	1770064	29001	10
29008	1770354	29001	10
29009	1770064	29001	10
29009	1770358	29001	10
29010	1770064	29001	10
29010	1770360	29001	10
29011	1770064	29001	10
29011	1770359	29001	10
29012	1770064	29001	10
29012	1770359	29001	10
29013	1770064	29001	10
29013	1770360	29001	10
29014	1770064	29001	10
29014	1770360	29001	10
29015	1770064	29001	10
29015	1770356	29001	10
29016	1770064	29001	10
29016	1770359	29001	10
29017	1770064	29001	10
29017	1770354	29001	10
29018	1770064	29001	10
29018	1770358	29001	10
29019	1770064	29001	3
29019	1770354	29001	10
29037	1770061	29030	5
29037	1770389	29030	8
29038	1770061	29030	8
29038	1770391	29030	8
29039	1770061	29030	8
29039	1770389	29030	8
29040	1770061	29030	8
29040	1770390	29030	8
29041	1770062	29030	8
29041	1770393	29030	8
29042	1770062	29030	8
29042	1770392	29030	8
29043	1770061	29030	8
29043	1770389	29030	8
29044	1770062	29030	8
29044	1770393	29030	8
29045	1770063	29030	8
29045	1770395	29030	8
29046	1770063	29030	8
29046	1770394	29030	8
29047	1770063	29030	8
29047	1770394	29030	8
29048	1770063	29030	8
29048	1770395	29030	8
29049	1770063	29030	8
29049	1770395	29030	8
29050	1770061	29030	8
29050	1770391	29030	8
29051	1770063	29030	8
29051	1770394	29030	8
29052	1770061	29030	8
29052	1770389	29030	8
29053	1770062	29030	8
29053	1770393	29030	8
29054	1770061	29030	3
29054	1770389	29030	8
29055	1770061	29028	6
29055	1770389	29028	6
29056	1770061	29030	8
29056	1770389	29030	8
29057	1770061	29028	6
29057	1770389	29028	6
29058	1770061	29029	8
29058	1770389	29029	8
29059	1770061	29028	6
29059	1770389	29028	6
29061	1770061	29028	6
29061	1770390	29028	6
29062	1770061	29030	8
29062	1770390	29030	8
29063	1770061	29028	6
29063	1770390	29028	6
29064	1770061	29029	8
29064	1770390	29029	8
29065	1770061	29028	6
29065	1770390	29028	6
29067	1770061	29028	6
29067	1770391	29028	6
29068	1770061	29030	8
29068	1770391	29030	8
29069	1770061	29028	6
29069	1770391	29028	6
29070	1770061	29029	8
29070	1770391	29029	8
29071	1770061	29028	6
29071	1770391	29028	6
29073	1770062	29028	6
29073	1770393	29028	6
29074	1770062	29030	8
29074	1770393	29030	8
29075	1770062	29028	6
29075	1770393	29028	6
29076	1770062	29029	8
29076	1770393	29029	8
29077	1770062	29028	6
29077	1770393	29028	6
29079	1770062	29028	6
29079	1770392	29028	6
29080	1770062	29030	8
29080	1770392	29030	8
29081	1770062	29028	6
29081	1770392	29028	6
29082	1770062	29029	8
29082	1770392	29029	8
29083	1770062	29028	6
29083	1770392	29028	6
29085	1770063	29028	6
29085	1770395	29028	6
29086	1770063	29030	8
29086	1770395	29030	8
29087	1770063	29028	6
29087	1770395	29028	6
29088	1770063	29029	8
29088	1770395	29029	8
29089	1770063	29028	6
29089	1770395	29028	6
29091	1770063	29028	6
29091	1770394	29028	6
29092	1770063	29030	8
29092	1770394	29030	8
29093	1770063	29028	6
29093	1770394	29028	6
29094	1770063	29029	8
29094	1770394	29029	8
29095	1770063	29028	6
29095	1770394	29028	6
29097	1770061	29027	4
29097	1770389	29027	4
29098	1770061	29027	4
29098	1770390	29027	4
29098	1770391	29027	4
29099	1770062	29027	4
29099	1770392	29027	4
29099	1770393	29027	4
29100	1770063	29027	4
29100	1770395	29027	4
29101	1770063	29027	4
29101	1770394	29027	4
29102	1770061	29027	4
29102	1770389	29027	4
29103	1770061	29027	4
29103	1770390	29027	4
29103	1770391	29027	4
29104	1770062	29027	4
29104	1770392	29027	4
29104	1770393	29027	4
29105	1770063	29027	4
29105	1770395	29027	4
29106	1770063	29027	4
29106	1770394	29027	4
29107	1770061	29027	4
29107	1770389	29027	4
29108	1770061	29027	4
29108	1770390	29027	4
29108	1770391	29027	4
29109	1770062	29027	4
29109	1770392	29027	4
29109	1770393	29027	4
29110	1770063	29027	4
29110	1770395	29027	4
29111	1770063	29027	4
29111	1770394	29027	4
29112	1770061	29027	4
29112	1770389	29027	4
29113	1770061	29027	4
29113	1770390	29027	4
29113	1770391	29027	4
29114	1770062	29027	4
29114	1770392	29027	4
29114	1770393	29027	4
29115	1770063	29027	4
29115	1770395	29027	4
29116	1770063	29027	4
29116	1770394	29027	4
29117	1770058	29020	2
29117	1770375	29020	2
29118	1770058	29021	4
29118	1770375	29021	4
29119	1770058	29022	2
29119	1770375	29022	2
29120	1770058	29023	4
29120	1770375	29023	4
29121	1770058	29024	2
29121	1770375	29024	2
29123	1770058	29020	2
29123	1770376	29020	2
29124	1770058	29021	4
29124	1770376	29021	4
29125	1770058	29022	2
29125	1770376	29022	2
29126	1770058	29023	4
29126	1770376	29023	4
29127	1770058	29024	2
29127	1770376	29024	2
29129	1770058	29020	2
29129	1770377	29020	2
29130	1770058	29021	4
29130	1770377	29021	4
29131	1770058	29022	2
29131	1770377	29022	2
29132	1770058	29023	4
29132	1770377	29023	4
29133	1770058	29024	2
29133	1770377	29024	2
29135	1770059	29020	2
29135	1770379	29020	2
29136	1770059	29021	4
29136	1770379	29021	4
29137	1770059	29022	2
29137	1770379	29022	2
29138	1770059	29023	4
29138	1770379	29023	4
29139	1770059	29024	2
29139	1770379	29024	2
29141	1770059	29020	2
29141	1770378	29020	2
29142	1770059	29021	4
29142	1770378	29021	4
29143	1770059	29022	2
29143	1770378	29022	2
29144	1770059	29023	4
29144	1770378	29023	4
29145	1770059	29024	2
29145	1770378	29024	2
29147	1770060	29020	2
29147	1770381	29020	2
29148	1770060	29021	4
29148	1770381	29021	4
29149	1770060	29022	2
29149	1770381	29022	2
29150	1770060	29023	4
29150	1770381	29023	4
29151	1770060	29024	2
29151	1770381	29024	2
29153	1770060	29020	2
29153	1770380	29020	2
29154	1770060	29021	4
29154	1770380	29021	4
29155	1770060	29022	2
29155	1770380	29022	2
29156	1770060	29023	4
29156	1770380	29023	4
29157	1770060	29024	2
29157	1770380	29024	2
29159	1770058	29026	1
29159	1770375	29026	1
29160	1770058	29026	1
29160	1770376	29026	1
29160	1770377	29026	1
29161	1770059	29026	1
29161	1770378	29026	1
29161	1770379	29026	1
29162	1770060	29026	1
29162	1770381	29026	1
29163	1770060	29026	1
29163	1770380	29026	1
29164	1770058	29026	1
29164	1770375	29026	1
29165	1770058	29026	1
29165	1770376	29026	1
29165	1770377	29026	1
29166	1770059	29026	1
29166	1770378	29026	1
29166	1770379	29026	1
29167	1770060	29026	1
29167	1770381	29026	1
29168	1770060	29026	1
29168	1770380	29026	1
29169	1770058	29026	1
29169	1770375	29026	1
29170	1770058	29026	1
29170	1770376	29026	1
29170	1770377	29026	1
29171	1770059	29026	1
29171	1770378	29026	1
29171	1770379	29026	1
29172	1770060	29026	1
29172	1770381	29026	1
29173	1770060	29026	1
29173	1770380	29026	1
29174	1770058	29026	1
29174	1770375	29026	1
29175	1770058	29026	1
29175	1770376	29026	1
29175	1770377	29026	1
29176	1770059	29026	1
29176	1770378	29026	1
29176	1770379	29026	1
29177	1770060	29026	1
29177	1770381	29026	1
29178	1770060	29026	1
29178	1770380	29026	1
29259	1770054	28	430
29259	1770055	28	100
29259	1770055	29179	1
29259	1770055	29196	1
29259	1770382	28	600
29260	1770054	28	600
29260	1770055	28	100
29260	1770055	29180	1
29260	1770384	28	600
29261	1770054	28	600
29261	1770055	28	100
29261	1770055	29181	1
29261	1770382	28	600
29262	1770054	28	600
29262	1770055	28	100
29262	1770055	29182	1
29262	1770383	28	600
29263	1770054	28	600
29263	1770056	28	100
29263	1770056	29183	1
29263	1770386	28	600
29264	1770054	28	600
29264	1770056	28	100
29264	1770056	29184	1
29264	1770385	28	600
29265	1770054	28	600
29265	1770055	28	100
29265	1770055	29185	1
29265	1770382	28	600
29266	1770054	28	600
29266	1770056	28	100
29266	1770056	29186	1
29266	1770386	28	600
29267	1770054	28	600
29267	1770057	28	100
29267	1770057	29187	1
29267	1770388	28	600
29268	1770054	28	600
29268	1770057	28	100
29268	1770057	29188	1
29268	1770387	28	600
29269	1770054	28	600
29269	1770057	28	100
29269	1770057	29189	1
29269	1770387	28	600
29270	1770054	28	600
29270	1770057	28	100
29270	1770057	29190	1
29270	1770388	28	600
29271	1770054	28	600
29271	1770057	28	100
29271	1770057	29191	1
29271	1770388	28	600
29272	1770054	28	600
29272	1770055	28	100
29272	1770055	29192	1
29272	1770384	28	600
29273	1770054	28	600
29273	1770057	28	100
29273	1770057	29193	1
29273	1770387	28	600
29274	1770054	28	600
29274	1770055	28	100
29274	1770055	29194	1
29274	1770382	28	600
29275	1770054	28	600
29275	1770056	28	100
29275	1770056	29195	1
29275	1770386	28	600
29276	1770051	28	170
29276	1770055	28	100
29276	1770055	29179	1
29276	1770055	29196	1
29276	1770382	28	600
29277	1770051	28	345
29277	1770055	28	100
29277	1770055	29197	1
29277	1770382	28	345
29278	1770051	28	510
29278	1770055	28	100
29278	1770055	29198	1
29278	1770382	28	510
29279	1770051	28	345
29279	1770055	28	100
29279	1770055	29199	1
29279	1770382	28	345
29280	1770051	28	510
29280	1770055	28	100
29280	1770055	29200	1
29280	1770382	28	510
29281	1770051	28	345
29281	1770055	28	100
29281	1770055	29201	1
29281	1770382	28	345
29283	1770051	28	345
29283	1770055	28	100
29283	1770055	29203	1
29283	1770383	28	345
29284	1770051	28	510
29284	1770055	28	100
29284	1770055	29204	1
29284	1770383	28	510
29285	1770051	28	345
29285	1770055	28	100
29285	1770055	29205	1
29285	1770383	28	345
29286	1770051	28	510
29286	1770055	28	100
29286	1770055	29206	1
29286	1770383	28	510
29287	1770051	28	345
29287	1770055	28	100
29287	1770055	29207	1
29287	1770383	28	345
29289	1770051	28	345
29289	1770055	28	100
29289	1770055	29209	1
29289	1770384	28	345
29290	1770051	28	510
29290	1770055	28	100
29290	1770055	29210	1
29290	1770384	28	510
29291	1770051	28	345
29291	1770055	28	100
29291	1770055	29211	1
29291	1770384	28	345
29292	1770051	28	510
29292	1770055	28	100
29292	1770055	29212	1
29292	1770384	28	510
29293	1770051	28	345
29293	1770055	28	100
29293	1770055	29213	1
29293	1770384	28	345
29295	1770051	28	345
29295	1770056	28	100
29295	1770056	29215	1
29295	1770386	28	345
29296	1770051	28	510
29296	1770056	28	100
29296	1770056	29216	1
29296	1770386	28	510
29297	1770051	28	345
29297	1770056	28	100
29297	1770056	29217	1
29297	1770386	28	345
29298	1770051	28	510
29298	1770056	28	100
29298	1770056	29218	1
29298	1770386	28	510
29299	1770051	28	345
29299	1770056	28	100
29299	1770056	29219	1
29299	1770386	28	345
29301	1770051	28	345
29301	1770056	28	100
29301	1770056	29221	1
29301	1770385	28	345
29302	1770051	28	510
29302	1770056	28	100
29302	1770056	29222	1
29302	1770385	28	510
29303	1770051	28	345
29303	1770056	28	100
29303	1770056	29223	1
29303	1770385	28	345
29304	1770051	28	510
29304	1770056	28	100
29304	1770056	29224	1
29304	1770385	28	510
29305	1770051	28	345
29305	1770056	28	100
29305	1770056	29225	1
29305	1770385	28	345
29307	1770052	28	345
29307	1770057	28	100
29307	1770057	29227	1
29307	1770388	28	345
29308	1770052	28	510
29308	1770057	28	100
29308	1770057	29228	1
29308	1770388	28	510
29309	1770052	28	345
29309	1770057	28	100
29309	1770057	29229	1
29309	1770388	28	345
29310	1770052	28	510
29310	1770057	28	100
29310	1770057	29230	1
29310	1770388	28	510
29311	1770052	28	345
29311	1770057	28	100
29311	1770057	29231	1
29311	1770388	28	345
29313	1770052	28	345
29313	1770057	28	100
29313	1770057	29233	1
29313	1770387	28	345
29314	1770052	28	510
29314	1770057	28	100
29314	1770057	29234	1
29314	1770387	28	510
29315	1770052	28	345
29315	1770057	28	100
29315	1770057	29235	1
29315	1770387	28	345
29316	1770052	28	510
29316	1770057	28	100
29316	1770057	29236	1
29316	1770387	28	510
29317	1770052	28	345
29317	1770057	28	100
29317	1770057	29237	1
29317	1770387	28	345
29319	1770051	28	280
29319	1770055	28	100
29319	1770055	29239	1
29319	1770382	28	280
29320	1770051	28	280
29320	1770055	28	100
29320	1770055	29240	1
29320	1770383	28	280
29320	1770384	28	280
29321	1770051	28	280
29321	1770056	28	100
29321	1770056	29241	1
29321	1770385	28	280
29321	1770386	28	280
29322	1770052	28	280
29322	1770057	28	100
29322	1770057	29242	1
29322	1770388	28	280
29323	1770052	28	280
29323	1770057	28	100
29323	1770057	29243	1
29323	1770387	28	280
29324	1770051	28	280
29324	1770055	28	100
29324	1770055	29244	1
29324	1770382	28	280
29325	1770051	28	280
29325	1770055	28	100
29325	1770055	29245	1
29325	1770383	28	280
29325	1770384	28	280
29326	1770051	28	280
29326	1770056	28	100
29326	1770056	29246	1
29326	1770385	28	280
29326	1770386	28	280
29327	1770052	28	280
29327	1770057	28	100
29327	1770057	29247	1
29327	1770388	28	280
29328	1770052	28	280
29328	1770057	28	100
29328	1770057	29248	1
29328	1770387	28	280
29329	1770051	28	280
29329	1770055	28	100
29329	1770055	29249	1
29329	1770382	28	280
29330	1770051	28	280
29330	1770055	28	100
29330	1770055	29250	1
29330	1770383	28	280
29330	1770384	28	280
29331	1770051	28	280
29331	1770056	28	100
29331	1770056	29251	1
29331	1770385	28	280
29331	1770386	28	280
29332	1770052	28	280
29332	1770057	28	100
29332	1770057	29252	1
29332	1770388	28	280
29333	1770052	28	280
29333	1770057	28	100
29333	1770057	29253	1
29333	1770387	28	280
29334	1770051	28	280
29334	1770055	28	100
29334	1770055	29254	1
29334	1770382	28	280
29335	1770051	28	280
29335	1770055	28	100
29335	1770055	29255	1
29335	1770383	28	280
29335	1770384	28	280
29336	1770051	28	280
29336	1770056	28	100
29336	1770056	29256	1
29336	1770385	28	280
29336	1770386	28	280
29337	1770052	28	280
29337	1770057	28	100
29337	1770057	29257	1
29337	1770388	28	280
29338	1770052	28	280
29338	1770057	28	100
29338	1770057	29258	1
29338	1770387	28	280
29623	1770066	29612	1
29624	1770066	29613	1
29625	1770066	29614	1
29626	1770066	29615	1
29627	1770066	29616	1
29628	1770066	29617	1
29629	1770066	29618	1
29630	1770066	29619	1
29631	1770066	29620	1
29631	1770066	29669	340
29631	1770066	29670	120
29632	1770066	29621	1
29632	1770066	29671	340
29632	1770066	29672	120
29633	1770066	29622	1
29633	1770066	29673	40
29634	1770067	29623	1
29635	1770067	29624	1
29636	1770067	29625	1
29637	1770067	29626	1
29638	1770067	29627	1
29639	1770067	29628	1
29640	1770067	29629	1
29641	1770067	29630	1
29642	1770067	29631	1
29642	1770067	29674	510
29642	1770067	29675	180
29643	1770067	29632	1
29643	1770067	29676	510
29643	1770067	29677	180
29644	1770067	29633	1
29644	1770067	29678	60
30086	1769819	21196	10
30086	1770197	21196	10
30087	1769819	21196	10
30087	1770201	21196	10
30142	1770511	30227	3
30143	1770511	30227	5
30144	1770511	30227	3
30145	1770511	30227	5
30146	1770511	30227	3
30147	1770513	30227	3
30148	1770513	30227	5
30149	1770513	30227	3
30150	1770513	30227	5
30151	1770513	30227	3
30152	1770511	30227	3
30153	1770511	30227	5
30154	1770511	30227	3
30155	1770511	30227	5
30156	1770511	30227	3
30157	1770512	30227	3
30158	1770512	30227	5
30159	1770512	30227	3
30160	1770512	30227	5
30161	1770512	30227	3
30162	1770515	30227	3
30163	1770515	30227	5
30164	1770515	30227	3
30165	1770515	30227	5
30166	1770515	30227	3
30167	1770517	30227	3
30168	1770517	30227	5
30169	1770517	30227	3
30170	1770517	30227	5
30171	1770517	30227	3
30172	1770516	30227	3
30173	1770516	30227	5
30174	1770516	30227	3
30175	1770516	30227	5
30176	1770516	30227	3
30177	1770516	30227	3
30178	1770516	30227	5
30179	1770516	30227	3
30180	1770516	30227	5
30181	1770516	30227	3
30182	1770517	30227	3
30183	1770517	30227	5
30184	1770517	30227	3
30185	1770517	30227	5
30186	1770517	30227	3
30187	1770514	30227	3
30188	1770514	30227	5
30189	1770514	30227	3
30190	1770514	30227	5
30191	1770514	30227	3
30192	1770511	30227	3
30193	1770511	30227	5
30194	1770511	30227	3
30195	1770511	30227	5
30196	1770511	30227	3
30197	1770515	30227	3
30198	1770515	30227	5
30199	1770515	30227	3
30200	1770515	30227	5
30201	1770515	30227	3
30202	1770517	30227	3
30203	1770517	30227	5
30204	1770517	30227	3
30205	1770517	30227	5
30206	1770517	30227	3
30207	1770513	30227	3
30208	1770513	30227	5
30209	1770513	30227	3
30210	1770513	30227	5
30211	1770513	30227	3
30212	1770516	30227	3
30213	1770516	30227	5
30214	1770516	30227	3
30215	1770516	30227	5
30216	1770516	30227	3
30217	1770511	30227	3
30218	1770511	30227	5
30219	1770511	30227	3
30220	1770511	30227	5
30221	1770511	30227	3
30222	1770515	30227	3
30223	1770515	30227	5
30224	1770515	30227	3
30225	1770515	30227	5
30226	1770515	30227	3
30508	1770294	30588	4
30508	1770294	30589	21
30509	1770294	30588	7
30509	1770294	30589	42
30510	1770294	30588	7
30510	1770294	30589	42
30511	1770294	30588	7
30511	1770294	30589	42
30512	1770294	30588	7
30512	1770294	30589	42
30513	1770294	30588	7
30513	1770294	30589	42
30514	1770294	30588	7
30514	1770294	30589	42
30515	1770294	30588	7
30515	1770294	30589	42
30516	1770294	30588	7
30516	1770294	30589	42
30517	1770294	30588	7
30517	1770294	30589	42
30518	1770294	30588	7
30518	1770294	30589	42
30519	1770294	30588	7
30519	1770294	30589	42
30520	1770294	30588	7
30520	1770294	30589	42
30521	1770294	30588	7
30521	1770294	30589	42
30522	1770294	30588	7
30522	1770294	30589	42
30523	1770294	30588	7
30523	1770294	30589	42
30524	1770294	30588	7
30524	1770294	30589	42
30525	1770294	30588	3
30525	1770294	30589	21
30526	1770295	30588	3
30526	1770295	30589	33
30527	1770295	30588	5
30527	1770295	30589	42
30528	1770295	30588	3
30528	1770295	30589	33
30529	1770295	30588	5
30529	1770295	30589	42
30530	1770295	30588	3
30530	1770295	30589	33
30532	1770295	30588	3
30532	1770295	30589	33
30533	1770295	30588	5
30533	1770295	30589	42
30534	1770295	30588	3
30534	1770295	30589	33
30535	1770295	30588	5
30535	1770295	30589	42
30536	1770295	30588	3
30536	1770295	30589	33
30538	1770295	30588	3
30538	1770295	30589	33
30539	1770295	30588	5
30539	1770295	30589	42
30540	1770295	30588	3
30540	1770295	30589	33
30541	1770295	30588	5
30541	1770295	30589	42
30542	1770295	30588	3
30542	1770295	30589	33
30544	1770295	30588	3
30544	1770295	30589	33
30545	1770295	30588	5
30545	1770295	30589	42
30546	1770295	30588	3
30546	1770295	30589	33
30547	1770295	30588	5
30547	1770295	30589	42
30548	1770295	30588	3
30548	1770295	30589	33
30550	1770295	30588	3
30550	1770295	30589	33
30551	1770295	30588	5
30551	1770295	30589	42
30552	1770295	30588	3
30552	1770295	30589	33
30553	1770295	30588	5
30553	1770295	30589	42
30554	1770295	30588	3
30554	1770295	30589	33
30556	1770295	30588	3
30556	1770295	30589	33
30557	1770295	30588	5
30557	1770295	30589	42
30558	1770295	30588	3
30558	1770295	30589	33
30559	1770295	30588	5
30559	1770295	30589	42
30560	1770295	30588	3
30560	1770295	30589	33
30562	1770295	30588	3
30562	1770295	30589	33
30563	1770295	30588	5
30563	1770295	30589	42
30564	1770295	30588	3
30564	1770295	30589	33
30565	1770295	30588	5
30565	1770295	30589	42
30566	1770295	30588	3
30566	1770295	30589	33
30568	1770296	30588	2
30568	1770296	30589	21
30569	1770296	30588	2
30569	1770296	30589	21
30570	1770296	30588	2
30570	1770296	30589	21
30571	1770296	30588	2
30571	1770296	30589	21
30572	1770296	30588	2
30572	1770296	30589	21
30573	1770296	30588	2
30573	1770296	30589	21
30574	1770296	30588	2
30574	1770296	30589	21
30575	1770296	30588	2
30575	1770296	30589	21
30576	1770296	30588	2
30576	1770296	30589	21
30577	1770296	30588	2
30577	1770296	30589	21
30578	1770296	30588	2
30578	1770296	30589	21
30579	1770296	30588	2
30579	1770296	30589	21
30580	1770296	30588	2
30580	1770296	30589	21
30581	1770296	30588	2
30581	1770296	30589	21
30582	1770296	30588	2
30582	1770296	30589	21
30583	1770296	30588	2
30583	1770296	30589	21
30584	1770296	30588	2
30584	1770296	30589	21
30585	1770296	30588	2
30585	1770296	30589	21
30586	1770296	30588	2
30586	1770296	30589	21
30587	1770296	30588	2
30587	1770296	30589	21
30597	1770287	30596	7
30597	1770354	30596	10
30598	1770287	30596	10
30598	1770356	30596	10
30599	1770287	30596	10
30599	1770354	30596	10
30600	1770287	30596	10
30600	1770355	30596	10
30601	1770287	30596	10
30601	1770358	30596	10
30602	1770287	30596	10
30602	1770357	30596	10
30603	1770287	30596	10
30603	1770354	30596	10
30604	1770287	30596	10
30604	1770358	30596	10
30605	1770287	30596	10
30605	1770360	30596	10
30606	1770287	30596	10
30606	1770359	30596	10
30607	1770287	30596	10
30607	1770359	30596	10
30608	1770287	30596	10
30608	1770360	30596	10
30609	1770287	30596	10
30609	1770360	30596	10
30610	1770287	30596	10
30610	1770356	30596	10
30611	1770287	30596	10
30611	1770359	30596	10
30612	1770287	30596	10
30612	1770354	30596	10
30613	1770287	30596	10
30613	1770358	30596	10
30614	1770287	30596	3
30614	1770354	30596	10
30715	1770279	31351	14
30716	1770279	31351	28
30717	1770279	31351	14
30718	1770279	31351	28
30719	1770279	31351	14
30720	1770279	31351	14
30721	1770279	31351	28
30722	1770279	31351	14
30723	1770279	31351	28
30724	1770279	31351	14
30725	1770279	31351	14
30726	1770279	31351	28
30727	1770279	31351	14
30728	1770279	31351	28
30729	1770279	31351	14
30730	1770279	31351	14
30731	1770279	31351	28
30732	1770279	31351	14
30733	1770279	31351	28
30734	1770279	31351	14
30735	1770279	31351	14
30736	1770279	31351	28
30737	1770279	31351	14
30738	1770279	31351	28
30739	1770279	31351	14
30740	1770279	31351	14
30741	1770279	31351	28
30742	1770279	31351	14
30743	1770279	31351	28
30744	1770279	31351	14
30745	1770279	31351	14
30746	1770279	31351	28
30747	1770279	31351	14
30748	1770279	31351	28
30749	1770279	31351	14
31358	1770280	30715	1
31358	1770280	31352	1
31359	1770280	30716	1
31359	1770280	31353	1
31360	1770280	30717	1
31360	1770280	31354	1
31361	1770280	30718	1
31361	1770280	31355	1
31362	1770280	30719	1
31362	1770280	31356	1
31363	1770280	30720	1
31363	1770280	31352	1
31364	1770280	30721	1
31364	1770280	31353	1
31365	1770280	30722	1
31365	1770280	31354	1
31366	1770280	30723	1
31366	1770280	31355	1
31367	1770280	30724	1
31367	1770280	31356	1
31368	1770280	30725	1
31368	1770280	31352	1
31369	1770280	30726	1
31369	1770280	31353	1
31370	1770280	30727	1
31370	1770280	31354	1
31371	1770280	30728	1
31371	1770280	31355	1
31372	1770280	30729	1
31372	1770280	31356	1
31373	1770280	30730	1
31373	1770280	31352	1
31374	1770280	30731	1
31374	1770280	31353	1
31375	1770280	30732	1
31375	1770280	31354	1
31376	1770280	30733	1
31376	1770280	31355	1
31377	1770280	30734	1
31377	1770280	31356	1
31378	1770280	30735	1
31378	1770280	31352	1
31379	1770280	30736	1
31379	1770280	31353	1
31380	1770280	30737	1
31380	1770280	31354	1
31381	1770280	30738	1
31381	1770280	31355	1
31382	1770280	30739	1
31382	1770280	31356	1
31383	1770280	30740	1
31383	1770280	31352	1
31384	1770280	30741	1
31384	1770280	31353	1
31385	1770280	30742	1
31385	1770280	31354	1
31386	1770280	30743	1
31386	1770280	31355	1
31387	1770280	30744	1
31387	1770280	31356	1
31388	1770280	30745	1
31388	1770280	31352	1
31389	1770280	30746	1
31389	1770280	31353	1
31390	1770280	30747	1
31390	1770280	31354	1
31391	1770280	30748	1
31391	1770280	31355	1
31392	1770280	30749	1
31392	1770280	31356	1
32258	1770313	32132	7
32258	1770354	32132	10
32259	1770313	32132	10
32259	1770356	32132	10
32260	1770313	32132	10
32260	1770354	32132	10
32261	1770313	32132	10
32261	1770355	32132	10
32262	1770313	32132	10
32262	1770358	32132	10
32263	1770313	32132	10
32263	1770357	32132	10
32264	1770313	32132	10
32264	1770354	32132	10
32265	1770313	32132	10
32265	1770358	32132	10
32266	1770313	32132	10
32266	1770360	32132	10
32267	1770313	32132	10
32267	1770359	32132	10
32268	1770313	32132	10
32268	1770359	32132	10
32269	1770313	32132	10
32269	1770360	32132	10
32270	1770313	32132	10
32270	1770360	32132	10
32271	1770313	32132	10
32271	1770356	32132	10
32272	1770313	32132	10
32272	1770359	32132	10
32273	1770313	32132	10
32273	1770354	32132	10
32274	1770313	32132	10
32274	1770358	32132	10
32275	1770313	32132	3
32275	1770354	32132	10
32276	1770329	32143	5
32276	1770410	32143	8
32277	1770329	32143	8
32277	1770412	32143	8
32278	1770329	32143	8
32278	1770410	32143	8
32279	1770329	32143	8
32279	1770411	32143	8
32280	1770330	32143	8
32280	1770414	32143	8
32281	1770330	32143	8
32281	1770413	32143	8
32282	1770329	32143	8
32282	1770410	32143	8
32283	1770330	32143	8
32283	1770414	32143	8
32284	1770331	32143	8
32284	1770416	32143	8
32285	1770331	32143	8
32285	1770415	32143	8
32286	1770331	32143	8
32286	1770415	32143	8
32287	1770331	32143	8
32287	1770416	32143	8
32288	1770331	32143	8
32288	1770416	32143	8
32289	1770329	32143	8
32289	1770412	32143	8
32290	1770331	32143	8
32290	1770415	32143	8
32291	1770329	32143	8
32291	1770410	32143	8
32292	1770330	32143	8
32292	1770414	32143	8
32293	1770329	32143	3
32293	1770410	32143	8
32294	1770329	32141	6
32294	1770410	32141	6
32295	1770329	32143	8
32295	1770410	32143	8
32296	1770329	32141	6
32296	1770410	32141	6
32297	1770329	32142	8
32297	1770410	32142	8
32298	1770329	32141	6
32298	1770410	32141	6
32300	1770329	32141	6
32300	1770411	32141	6
32301	1770329	32143	8
32301	1770411	32143	8
32302	1770329	32141	6
32302	1770411	32141	6
32303	1770329	32142	8
32303	1770411	32142	8
32304	1770329	32141	6
32304	1770411	32141	6
32306	1770329	32141	6
32306	1770412	32141	6
32307	1770329	32143	8
32307	1770412	32143	8
32308	1770329	32141	6
32308	1770412	32141	6
32309	1770329	32142	8
32309	1770412	32142	8
32310	1770329	32141	6
32310	1770412	32141	6
32312	1770330	32141	6
32312	1770414	32141	6
32313	1770330	32143	8
32313	1770414	32143	8
32314	1770330	32141	6
32314	1770414	32141	6
32315	1770330	32142	8
32315	1770414	32142	8
32316	1770330	32141	6
32316	1770414	32141	6
32318	1770330	32141	6
32318	1770413	32141	6
32319	1770330	32143	8
32319	1770413	32143	8
32320	1770330	32141	6
32320	1770413	32141	6
32321	1770330	32142	8
32321	1770413	32142	8
32322	1770330	32141	6
32322	1770413	32141	6
32324	1770331	32141	6
32324	1770416	32141	6
32325	1770331	32143	8
32325	1770416	32143	8
32326	1770331	32141	6
32326	1770416	32141	6
32327	1770331	32142	8
32327	1770416	32142	8
32328	1770331	32141	6
32328	1770416	32141	6
32330	1770331	32141	6
32330	1770415	32141	6
32331	1770331	32143	8
32331	1770415	32143	8
32332	1770331	32141	6
32332	1770415	32141	6
32333	1770331	32142	8
32333	1770415	32142	8
32334	1770331	32141	6
32334	1770415	32141	6
32336	1770329	32140	4
32336	1770410	32140	4
32337	1770329	32140	4
32337	1770411	32140	4
32337	1770412	32140	4
32338	1770330	32140	4
32338	1770413	32140	4
32338	1770414	32140	4
32339	1770331	32140	4
32339	1770416	32140	4
32340	1770331	32140	4
32340	1770415	32140	4
32341	1770329	32140	4
32341	1770410	32140	4
32342	1770329	32140	4
32342	1770411	32140	4
32342	1770412	32140	4
32343	1770330	32140	4
32343	1770413	32140	4
32343	1770414	32140	4
32344	1770331	32140	4
32344	1770416	32140	4
32345	1770331	32140	4
32345	1770415	32140	4
32346	1770329	32140	4
32346	1770410	32140	4
32347	1770329	32140	4
32347	1770411	32140	4
32347	1770412	32140	4
32348	1770330	32140	4
32348	1770413	32140	4
32348	1770414	32140	4
32349	1770331	32140	4
32349	1770416	32140	4
32350	1770331	32140	4
32350	1770415	32140	4
32351	1770329	32140	4
32351	1770410	32140	4
32352	1770329	32140	4
32352	1770411	32140	4
32352	1770412	32140	4
32353	1770330	32140	4
32353	1770413	32140	4
32353	1770414	32140	4
32354	1770331	32140	4
32354	1770416	32140	4
32355	1770331	32140	4
32355	1770415	32140	4
32356	1770326	32133	2
32356	1770396	32133	2
32357	1770326	32134	4
32357	1770396	32134	4
32358	1770326	32135	2
32358	1770396	32135	2
32359	1770326	32136	4
32359	1770396	32136	4
32360	1770326	32137	2
32360	1770396	32137	2
32362	1770326	32133	2
32362	1770397	32133	2
32363	1770326	32134	4
32363	1770397	32134	4
32364	1770326	32135	2
32364	1770397	32135	2
32365	1770326	32136	4
32365	1770397	32136	4
32366	1770326	32137	2
32366	1770397	32137	2
32368	1770326	32133	2
32368	1770398	32133	2
32369	1770326	32134	4
32369	1770398	32134	4
32370	1770326	32135	2
32370	1770398	32135	2
32371	1770326	32136	4
32371	1770398	32136	4
32372	1770326	32137	2
32372	1770398	32137	2
32374	1770327	32133	2
32374	1770400	32133	2
32375	1770327	32134	4
32375	1770400	32134	4
32376	1770327	32135	2
32376	1770400	32135	2
32377	1770327	32136	4
32377	1770400	32136	4
32378	1770327	32137	2
32378	1770400	32137	2
32380	1770327	32133	2
32380	1770399	32133	2
32381	1770327	32134	4
32381	1770399	32134	4
32382	1770327	32135	2
32382	1770399	32135	2
32383	1770327	32136	4
32383	1770399	32136	4
32384	1770327	32137	2
32384	1770399	32137	2
32386	1770328	32133	2
32386	1770402	32133	2
32387	1770328	32134	4
32387	1770402	32134	4
32388	1770328	32135	2
32388	1770402	32135	2
32389	1770328	32136	4
32389	1770402	32136	4
32390	1770328	32137	2
32390	1770402	32137	2
32392	1770328	32133	2
32392	1770401	32133	2
32393	1770328	32134	4
32393	1770401	32134	4
32394	1770328	32135	2
32394	1770401	32135	2
32395	1770328	32136	4
32395	1770401	32136	4
32396	1770328	32137	2
32396	1770401	32137	2
32398	1770326	32139	1
32398	1770396	32139	1
32399	1770326	32139	1
32399	1770397	32139	1
32399	1770398	32139	1
32400	1770327	32139	1
32400	1770399	32139	1
32400	1770400	32139	1
32401	1770328	32139	1
32401	1770402	32139	1
32402	1770328	32139	1
32402	1770401	32139	1
32403	1770326	32139	1
32403	1770396	32139	1
32404	1770326	32139	1
32404	1770397	32139	1
32404	1770398	32139	1
32405	1770327	32139	1
32405	1770399	32139	1
32405	1770400	32139	1
32406	1770328	32139	1
32406	1770402	32139	1
32407	1770328	32139	1
32407	1770401	32139	1
32408	1770326	32139	1
32408	1770396	32139	1
32409	1770326	32139	1
32409	1770397	32139	1
32409	1770398	32139	1
32410	1770327	32139	1
32410	1770399	32139	1
32410	1770400	32139	1
32411	1770328	32139	1
32411	1770402	32139	1
32412	1770328	32139	1
32412	1770401	32139	1
32413	1770326	32139	1
32413	1770396	32139	1
32414	1770326	32139	1
32414	1770397	32139	1
32414	1770398	32139	1
32415	1770327	32139	1
32415	1770399	32139	1
32415	1770400	32139	1
32416	1770328	32139	1
32416	1770402	32139	1
32417	1770328	32139	1
32417	1770401	32139	1
32498	1770322	28	430
32498	1770323	28	100
32498	1770323	32418	1
32498	1770323	32435	1
32498	1770403	28	600
32498	1770475	12995	5
32499	1770322	28	600
32499	1770323	28	100
32499	1770323	32419	1
32499	1770405	28	600
32499	1770475	12995	5
32500	1770322	28	600
32500	1770323	28	100
32500	1770323	32420	1
32500	1770403	28	600
32500	1770475	12995	5
32501	1770322	28	600
32501	1770323	28	100
32501	1770323	32421	1
32501	1770404	28	600
32501	1770475	12995	5
32502	1770322	28	600
32502	1770324	28	100
32502	1770324	32422	1
32502	1770407	28	600
32502	1770475	12995	5
32503	1770322	28	600
32503	1770324	28	100
32503	1770324	32423	1
32503	1770406	28	600
32503	1770475	12995	5
32504	1770322	28	600
32504	1770323	28	100
32504	1770323	32424	1
32504	1770403	28	600
32504	1770475	12995	5
32505	1770322	28	600
32505	1770324	28	100
32505	1770324	32425	1
32505	1770407	28	600
32505	1770475	12995	5
32506	1770322	28	600
32506	1770325	28	100
32506	1770325	32426	1
32506	1770409	28	600
32506	1770475	12995	5
32507	1770322	28	600
32507	1770325	28	100
32507	1770325	32427	1
32507	1770408	28	600
32507	1770475	12995	5
32508	1770322	28	600
32508	1770325	28	100
32508	1770325	32428	1
32508	1770408	28	600
32508	1770475	12995	5
32509	1770322	28	600
32509	1770325	28	100
32509	1770325	32429	1
32509	1770409	28	600
32509	1770475	12995	5
32510	1770322	28	600
32510	1770325	28	100
32510	1770325	32430	1
32510	1770409	28	600
32510	1770475	12995	5
32511	1770322	28	600
32511	1770323	28	100
32511	1770323	32431	1
32511	1770405	28	600
32511	1770475	12995	5
32512	1770322	28	600
32512	1770325	28	100
32512	1770325	32432	1
32512	1770408	28	600
32512	1770475	12995	5
32513	1770322	28	600
32513	1770323	28	100
32513	1770323	32433	1
32513	1770403	28	600
32513	1770475	12995	5
32514	1770322	28	600
32514	1770324	28	100
32514	1770324	32434	1
32514	1770407	28	600
32514	1770475	12995	5
32515	1770319	28	170
32515	1770323	28	100
32515	1770323	32418	1
32515	1770323	32435	1
32515	1770403	28	600
32515	1770475	12995	5
32516	1770319	28	345
32516	1770323	28	100
32516	1770323	32436	1
32516	1770403	28	345
32517	1770319	28	510
32517	1770323	28	100
32517	1770323	32437	1
32517	1770403	28	510
32517	1770475	12995	5
32518	1770319	28	345
32518	1770323	28	100
32518	1770323	32438	1
32518	1770403	28	345
32519	1770319	28	510
32519	1770323	28	100
32519	1770323	32439	1
32519	1770403	28	510
32519	1770475	12995	5
32520	1770319	28	345
32520	1770323	28	100
32520	1770323	32440	1
32520	1770403	28	345
32522	1770319	28	345
32522	1770323	28	100
32522	1770323	32442	1
32522	1770404	28	345
32523	1770319	28	510
32523	1770323	28	100
32523	1770323	32443	1
32523	1770404	28	510
32523	1770475	12995	5
32524	1770319	28	345
32524	1770323	28	100
32524	1770323	32444	1
32524	1770404	28	345
32525	1770319	28	510
32525	1770323	28	100
32525	1770323	32445	1
32525	1770404	28	510
32525	1770475	12995	5
32526	1770319	28	345
32526	1770323	28	100
32526	1770323	32446	1
32526	1770404	28	345
32528	1770319	28	345
32528	1770323	28	100
32528	1770323	32448	1
32528	1770405	28	345
32529	1770319	28	510
32529	1770323	28	100
32529	1770323	32449	1
32529	1770405	28	510
32529	1770475	12995	5
32530	1770319	28	345
32530	1770323	28	100
32530	1770323	32450	1
32530	1770405	28	345
32531	1770319	28	510
32531	1770323	28	100
32531	1770323	32451	1
32531	1770405	28	510
32531	1770475	12995	5
32532	1770319	28	345
32532	1770323	28	100
32532	1770323	32452	1
32532	1770405	28	345
32534	1770319	28	345
32534	1770324	28	100
32534	1770324	32454	1
32534	1770407	28	345
32535	1770319	28	510
32535	1770324	28	100
32535	1770324	32455	1
32535	1770407	28	510
32535	1770475	12995	5
32536	1770319	28	345
32536	1770324	28	100
32536	1770324	32456	1
32536	1770407	28	345
32537	1770319	28	510
32537	1770324	28	100
32537	1770324	32457	1
32537	1770407	28	510
32537	1770475	12995	5
32538	1770319	28	345
32538	1770324	28	100
32538	1770324	32458	1
32538	1770407	28	345
32540	1770319	28	345
32540	1770324	28	100
32540	1770324	32460	1
32540	1770406	28	345
32541	1770319	28	510
32541	1770324	28	100
32541	1770324	32461	1
32541	1770406	28	510
32541	1770475	12995	5
32542	1770319	28	345
32542	1770324	28	100
32542	1770324	32462	1
32542	1770406	28	345
32543	1770319	28	510
32543	1770324	28	100
32543	1770324	32463	1
32543	1770406	28	510
32543	1770475	12995	5
32544	1770319	28	345
32544	1770324	28	100
32544	1770324	32464	1
32544	1770406	28	345
32546	1770320	28	345
32546	1770325	28	100
32546	1770325	32466	1
32546	1770409	28	345
32547	1770320	28	510
32547	1770325	28	100
32547	1770325	32467	1
32547	1770409	28	510
32547	1770475	12995	5
32548	1770320	28	345
32548	1770325	28	100
32548	1770325	32468	1
32548	1770409	28	345
32549	1770320	28	510
32549	1770325	28	100
32549	1770325	32469	1
32549	1770409	28	510
32549	1770475	12995	5
32550	1770320	28	345
32550	1770325	28	100
32550	1770325	32470	1
32550	1770409	28	345
32552	1770320	28	345
32552	1770325	28	100
32552	1770325	32472	1
32552	1770408	28	345
32553	1770320	28	510
32553	1770325	28	100
32553	1770325	32473	1
32553	1770408	28	510
32553	1770475	12995	5
32554	1770320	28	345
32554	1770325	28	100
32554	1770325	32474	1
32554	1770408	28	345
32555	1770320	28	510
32555	1770325	28	100
32555	1770325	32475	1
32555	1770408	28	510
32555	1770475	12995	5
32556	1770320	28	345
32556	1770325	28	100
32556	1770325	32476	1
32556	1770408	28	345
32558	1770319	28	280
32558	1770323	28	100
32558	1770323	32478	1
32558	1770403	28	280
32559	1770319	28	280
32559	1770323	28	100
32559	1770323	32479	1
32559	1770404	28	280
32559	1770405	28	280
32560	1770319	28	280
32560	1770324	28	100
32560	1770324	32480	1
32560	1770406	28	280
32560	1770407	28	280
32561	1770320	28	280
32561	1770325	28	100
32561	1770325	32481	1
32561	1770409	28	280
32562	1770320	28	280
32562	1770325	28	100
32562	1770325	32482	1
32562	1770408	28	280
32563	1770319	28	280
32563	1770323	28	100
32563	1770323	32483	1
32563	1770403	28	280
32564	1770319	28	280
32564	1770323	28	100
32564	1770323	32484	1
32564	1770404	28	280
32564	1770405	28	280
32565	1770319	28	280
32565	1770324	28	100
32565	1770324	32485	1
32565	1770406	28	280
32565	1770407	28	280
32566	1770320	28	280
32566	1770325	28	100
32566	1770325	32486	1
32566	1770409	28	280
32567	1770320	28	280
32567	1770325	28	100
32567	1770325	32487	1
32567	1770408	28	280
32568	1770319	28	280
32568	1770323	28	100
32568	1770323	32488	1
32568	1770403	28	280
32569	1770319	28	280
32569	1770323	28	100
32569	1770323	32489	1
32569	1770404	28	280
32569	1770405	28	280
32570	1770319	28	280
32570	1770324	28	100
32570	1770324	32490	1
32570	1770406	28	280
32570	1770407	28	280
32571	1770320	28	280
32571	1770325	28	100
32571	1770325	32491	1
32571	1770409	28	280
32572	1770320	28	280
32572	1770325	28	100
32572	1770325	32492	1
32572	1770408	28	280
32573	1770319	28	280
32573	1770323	28	100
32573	1770323	32493	1
32573	1770403	28	280
32574	1770319	28	280
32574	1770323	28	100
32574	1770323	32494	1
32574	1770404	28	280
32574	1770405	28	280
32575	1770319	28	280
32575	1770324	28	100
32575	1770324	32495	1
32575	1770406	28	280
32575	1770407	28	280
32576	1770320	28	280
32576	1770325	28	100
32576	1770325	32496	1
32576	1770409	28	280
32577	1770320	28	280
32577	1770325	28	100
32577	1770325	32497	1
32577	1770408	28	280
32579	1769929	49122	15
32585	1769929	49122	15
32591	1769929	49122	15
32597	1769929	49122	15
32603	1769929	49122	15
32609	1769929	49122	15
32615	1769929	49122	15
32640	1770032	27	400
32641	1770032	27	400
32642	1770032	27	400
32643	1770032	27	400
32645	1770032	27	800
32723	1770308	32180	2
32724	1770308	32180	3
32725	1770308	32180	2
32726	1770308	32180	3
32727	1770308	32180	2
32728	1770308	32180	2
32729	1770308	32180	3
32730	1770308	32180	2
32731	1770308	32180	3
32732	1770308	32180	2
32733	1770308	32180	2
32734	1770308	32180	3
32735	1770308	32180	2
32736	1770308	32180	3
32737	1770308	32180	2
32738	1770308	32180	2
32739	1770308	32180	3
32740	1770308	32180	2
32741	1770308	32180	3
32742	1770308	32180	2
32743	1770308	32180	2
32744	1770308	32180	3
32745	1770308	32180	2
32746	1770308	32180	3
32747	1770308	32180	2
32748	1770308	32180	2
32749	1770308	32180	3
32750	1770308	32180	2
32751	1770308	32180	3
32752	1770308	32180	2
32753	1770308	32180	2
32754	1770308	32180	3
32755	1770308	32180	2
32756	1770308	32180	3
32757	1770308	32180	2
32758	1770309	31358	1
32758	1770309	32186	1
32758	1770309	32723	1
32759	1770309	31359	1
32759	1770309	32187	1
32759	1770309	32724	1
32760	1770309	31360	1
32760	1770309	32188	1
32760	1770309	32725	1
32761	1770309	31361	1
32761	1770309	32189	1
32761	1770309	32726	1
32762	1770309	31362	1
32762	1770309	32190	1
32762	1770309	32727	1
32763	1770309	31363	1
32763	1770309	32186	1
32763	1770309	32728	1
32764	1770309	31364	1
32764	1770309	32187	1
32764	1770309	32729	1
32765	1770309	31365	1
32765	1770309	32188	1
32765	1770309	32730	1
32766	1770309	31366	1
32766	1770309	32189	1
32766	1770309	32731	1
32767	1770309	31367	1
32767	1770309	32190	1
32767	1770309	32732	1
32768	1770309	31368	1
32768	1770309	32186	1
32768	1770309	32733	1
32769	1770309	31369	1
32769	1770309	32187	1
32769	1770309	32734	1
32770	1770309	31370	1
32770	1770309	32188	1
32770	1770309	32735	1
32771	1770309	31371	1
32771	1770309	32189	1
32771	1770309	32736	1
32772	1770309	31372	1
32772	1770309	32190	1
32772	1770309	32737	1
32773	1770309	31373	1
32773	1770309	32186	1
32773	1770309	32738	1
32774	1770309	31374	1
32774	1770309	32187	1
32774	1770309	32739	1
32775	1770309	31375	1
32775	1770309	32188	1
32775	1770309	32740	1
32776	1770309	31376	1
32776	1770309	32189	1
32776	1770309	32741	1
32777	1770309	31377	1
32777	1770309	32190	1
32777	1770309	32742	1
32778	1770309	31378	1
32778	1770309	32186	1
32778	1770309	32743	1
32779	1770309	31379	1
32779	1770309	32187	1
32779	1770309	32744	1
32780	1770309	31380	1
32780	1770309	32188	1
32780	1770309	32745	1
32781	1770309	31381	1
32781	1770309	32189	1
32781	1770309	32746	1
32782	1770309	31382	1
32782	1770309	32190	1
32782	1770309	32747	1
32783	1770309	31383	1
32783	1770309	32186	1
32783	1770309	32748	1
32784	1770309	31384	1
32784	1770309	32187	1
32784	1770309	32749	1
32785	1770309	31385	1
32785	1770309	32188	1
32785	1770309	32750	1
32786	1770309	31386	1
32786	1770309	32189	1
32786	1770309	32751	1
32787	1770309	31387	1
32787	1770309	32190	1
32787	1770309	32752	1
32788	1770309	31388	1
32788	1770309	32186	1
32788	1770309	32753	1
32789	1770309	31389	1
32789	1770309	32187	1
32789	1770309	32754	1
32790	1770309	31390	1
32790	1770309	32188	1
32790	1770309	32755	1
32791	1770309	31391	1
32791	1770309	32189	1
32791	1770309	32756	1
32792	1770309	31392	1
32792	1770309	32190	1
32792	1770309	32757	1
33154	1770333	33210	60
33155	1770333	33211	60
33156	1770333	33212	60
33157	1770333	33213	60
33158	1770333	33214	60
33159	1770333	33215	60
33160	1770333	33216	60
33161	1770333	33217	60
33359	1770351	33439	4
33359	1770351	33440	21
33360	1770351	33439	7
33360	1770351	33440	42
33361	1770351	33439	7
33361	1770351	33440	42
33362	1770351	33439	7
33362	1770351	33440	42
33363	1770351	33439	7
33363	1770351	33440	42
33364	1770351	33439	7
33364	1770351	33440	42
33365	1770351	33439	7
33365	1770351	33440	42
33366	1770351	33439	7
33366	1770351	33440	42
33367	1770351	33439	7
33367	1770351	33440	42
33368	1770351	33439	7
33368	1770351	33440	42
33369	1770351	33439	7
33369	1770351	33440	42
33370	1770351	33439	7
33370	1770351	33440	42
33371	1770351	33439	7
33371	1770351	33440	42
33372	1770351	33439	7
33372	1770351	33440	42
33373	1770351	33439	7
33373	1770351	33440	42
33374	1770351	33439	7
33374	1770351	33440	42
33375	1770351	33439	7
33375	1770351	33440	42
33376	1770351	33439	3
33376	1770351	33440	21
33377	1770352	33439	3
33377	1770352	33440	33
33378	1770352	33439	5
33378	1770352	33440	42
33379	1770352	33439	3
33379	1770352	33440	33
33380	1770352	33439	5
33380	1770352	33440	42
33381	1770352	33439	3
33381	1770352	33440	33
33383	1770352	33439	3
33383	1770352	33440	33
33384	1770352	33439	5
33384	1770352	33440	42
33385	1770352	33439	3
33385	1770352	33440	33
33386	1770352	33439	5
33386	1770352	33440	42
33387	1770352	33439	3
33387	1770352	33440	33
33389	1770352	33439	3
33389	1770352	33440	33
33390	1770352	33439	5
33390	1770352	33440	42
33391	1770352	33439	3
33391	1770352	33440	33
33392	1770352	33439	5
33392	1770352	33440	42
33393	1770352	33439	3
33393	1770352	33440	33
33395	1770352	33439	3
33395	1770352	33440	33
33396	1770352	33439	5
33396	1770352	33440	42
33397	1770352	33439	3
33397	1770352	33440	33
33398	1770352	33439	5
33398	1770352	33440	42
33399	1770352	33439	3
33399	1770352	33440	33
33401	1770352	33439	3
33401	1770352	33440	33
33402	1770352	33439	5
33402	1770352	33440	42
33403	1770352	33439	3
33403	1770352	33440	33
33404	1770352	33439	5
33404	1770352	33440	42
33405	1770352	33439	3
33405	1770352	33440	33
33407	1770352	33439	3
33407	1770352	33440	33
33408	1770352	33439	5
33408	1770352	33440	42
33409	1770352	33439	3
33409	1770352	33440	33
33410	1770352	33439	5
33410	1770352	33440	42
33411	1770352	33439	3
33411	1770352	33440	33
33413	1770352	33439	3
33413	1770352	33440	33
33414	1770352	33439	5
33414	1770352	33440	42
33415	1770352	33439	3
33415	1770352	33440	33
33416	1770352	33439	5
33416	1770352	33440	42
33417	1770352	33439	3
33417	1770352	33440	33
33419	1770353	33439	2
33419	1770353	33440	21
33420	1770353	33439	2
33420	1770353	33440	21
33421	1770353	33439	2
33421	1770353	33440	21
33422	1770353	33439	2
33422	1770353	33440	21
33423	1770353	33439	2
33423	1770353	33440	21
33424	1770353	33439	2
33424	1770353	33440	21
33425	1770353	33439	2
33425	1770353	33440	21
33426	1770353	33439	2
33426	1770353	33440	21
33427	1770353	33439	2
33427	1770353	33440	21
33428	1770353	33439	2
33428	1770353	33440	21
33429	1770353	33439	2
33429	1770353	33440	21
33430	1770353	33439	2
33430	1770353	33440	21
33431	1770353	33439	2
33431	1770353	33440	21
33432	1770353	33439	2
33432	1770353	33440	21
33433	1770353	33439	2
33433	1770353	33440	21
33434	1770353	33439	2
33434	1770353	33440	21
33435	1770353	33439	2
33435	1770353	33440	21
33436	1770353	33439	2
33436	1770353	33440	21
33437	1770353	33439	2
33437	1770353	33440	21
33438	1770353	33439	2
33438	1770353	33440	21
33482	1770342	33480	7
33482	1770354	33480	10
33483	1770342	33480	10
33483	1770356	33480	10
33484	1770342	33480	10
33484	1770354	33480	10
33485	1770342	33480	10
33485	1770355	33480	10
33486	1770342	33480	10
33486	1770358	33480	10
33487	1770342	33480	10
33487	1770357	33480	10
33488	1770342	33480	10
33488	1770354	33480	10
33489	1770342	33480	10
33489	1770358	33480	10
33490	1770342	33480	10
33490	1770360	33480	10
33491	1770342	33480	10
33491	1770359	33480	10
33492	1770342	33480	10
33492	1770359	33480	10
33493	1770342	33480	10
33493	1770360	33480	10
33494	1770342	33480	10
33494	1770360	33480	10
33495	1770342	33480	10
33495	1770356	33480	10
33496	1770342	33480	10
33496	1770359	33480	10
33497	1770342	33480	10
33497	1770354	33480	10
33498	1770342	33480	10
33498	1770358	33480	10
33499	1770342	33480	3
33499	1770354	33480	10
33501	1769929	49122	15
33507	1769929	49122	15
33513	1769929	49122	15
33519	1769929	49122	15
33525	1769929	49122	15
33531	1769929	49122	15
33537	1769929	49122	15
33613	1770344	33796	6
33614	1770344	33796	9
33615	1770344	33796	6
33616	1770344	33796	9
33617	1770344	33796	6
33618	1770344	33796	6
33619	1770344	33796	9
33620	1770344	33796	6
33621	1770344	33796	9
33622	1770344	33796	6
33623	1770344	33796	6
33624	1770344	33796	9
33625	1770344	33796	6
33626	1770344	33796	9
33627	1770344	33796	6
33628	1770344	33796	6
33629	1770344	33796	9
33630	1770344	33796	6
33631	1770344	33796	9
33632	1770344	33796	6
33633	1770344	33796	6
33634	1770344	33796	9
33635	1770344	33796	6
33636	1770344	33796	9
33637	1770344	33796	6
33638	1770344	33796	6
33639	1770344	33796	9
33640	1770344	33796	6
33641	1770344	33796	9
33642	1770344	33796	6
33643	1770344	33796	6
33644	1770344	33796	9
33645	1770344	33796	6
33646	1770344	33796	9
33647	1770344	33796	6
34850	1770434	48	350
34850	1770619	26533	50
34851	1770434	48	500
34851	1770619	26533	70
34852	1770434	48	500
34852	1770619	26533	70
34853	1770434	48	500
34853	1770619	26533	70
34854	1770434	48	500
34854	1770619	26533	70
34855	1770434	48	500
34855	1770619	26533	70
34856	1770434	48	500
34856	1770619	26533	70
34857	1770434	48	500
34857	1770619	26533	70
34858	1770435	48	500
34858	1770620	26533	70
34859	1770435	48	500
34859	1770620	26533	70
34860	1770435	48	500
34860	1770620	26533	70
34861	1770435	48	500
34861	1770620	26533	70
34862	1770435	48	500
34862	1770620	26533	70
34863	1770434	48	500
34863	1770619	26533	70
34864	1770435	48	500
34864	1770620	26533	70
34865	1770434	48	500
34865	1770619	26533	70
34866	1770434	48	500
34866	1770619	26533	70
34867	1770435	48	500
34867	1770620	26533	70
34868	1770434	48	500
34868	1770619	26533	70
34869	1770434	48	150
34869	1770619	26533	20
34870	1770434	48	245
34870	1770619	26533	35
34871	1770434	48	410
34871	1770619	26533	60
34872	1770434	48	245
34872	1770619	26533	35
34873	1770434	48	410
34873	1770619	26533	60
34874	1770434	48	245
34874	1770619	26533	35
34875	1770434	48	245
34875	1770619	26533	35
34876	1770434	48	410
34876	1770619	26533	60
34877	1770434	48	245
34877	1770619	26533	35
34878	1770434	48	410
34878	1770619	26533	60
34879	1770434	48	245
34879	1770619	26533	35
34880	1770434	48	245
34880	1770619	26533	35
34881	1770434	48	410
34881	1770619	26533	60
34882	1770434	48	245
34882	1770619	26533	35
34883	1770434	48	410
34883	1770619	26533	60
34884	1770434	48	245
34884	1770619	26533	35
34885	1770434	48	245
34885	1770619	26533	35
34886	1770434	48	410
34886	1770619	26533	60
34887	1770434	48	245
34887	1770619	26533	35
34888	1770434	48	410
34888	1770619	26533	60
34889	1770434	48	245
34889	1770619	26533	35
34890	1770434	48	245
34890	1770619	26533	35
34891	1770434	48	410
34891	1770619	26533	60
34892	1770434	48	245
34892	1770619	26533	35
34893	1770434	48	410
34893	1770619	26533	60
34894	1770434	48	245
34894	1770619	26533	35
34895	1770435	48	245
34895	1770620	26533	35
34896	1770435	48	410
34896	1770620	26533	60
34897	1770435	48	245
34897	1770620	26533	35
34898	1770435	48	410
34898	1770620	26533	60
34899	1770435	48	245
34899	1770620	26533	35
34900	1770435	48	245
34900	1770620	26533	35
34901	1770435	48	410
34901	1770620	26533	60
34902	1770435	48	245
34902	1770620	26533	35
34903	1770435	48	410
34903	1770620	26533	60
34904	1770435	48	245
34904	1770620	26533	35
34905	1770434	48	180
34905	1770619	26533	25
34906	1770434	48	180
34906	1770619	26533	25
34907	1770434	48	180
34907	1770619	26533	25
34908	1770435	48	180
34908	1770620	26533	25
34909	1770435	48	180
34909	1770620	26533	25
34910	1770434	48	180
34910	1770619	26533	25
34911	1770434	48	180
34911	1770619	26533	25
34912	1770434	48	180
34912	1770619	26533	25
34913	1770435	48	180
34913	1770620	26533	25
34914	1770435	48	180
34914	1770620	26533	25
34915	1770434	48	180
34915	1770619	26533	25
34916	1770434	48	180
34916	1770619	26533	25
34917	1770434	48	180
34917	1770619	26533	25
34918	1770435	48	180
34918	1770620	26533	25
34919	1770435	48	180
34919	1770620	26533	25
34920	1770434	48	180
34920	1770619	26533	25
34921	1770434	48	180
34921	1770619	26533	25
34922	1770434	48	180
34922	1770619	26533	25
34923	1770435	48	180
34923	1770620	26533	25
34924	1770435	48	180
34924	1770620	26533	25
34925	1770455	35816	7
34925	1770795	35816	10
34926	1770455	35816	10
34926	1770815	35816	10
34927	1770455	35816	10
34927	1770795	35816	10
34928	1770455	35816	10
34928	1770805	35816	10
34929	1770455	35816	10
34929	1770835	35816	10
34930	1770455	35816	10
34930	1770825	35816	10
34931	1770455	35816	10
34931	1770795	35816	10
34932	1770455	35816	10
34932	1770835	35816	10
34933	1770455	35816	10
34933	1770855	35816	10
34934	1770455	35816	10
34934	1770845	35816	10
34935	1770455	35816	10
34935	1770845	35816	10
34936	1770455	35816	10
34936	1770855	35816	10
34937	1770455	35816	10
34937	1770855	35816	10
34938	1770455	35816	10
34938	1770815	35816	10
34939	1770455	35816	10
34939	1770845	35816	10
34940	1770455	35816	10
34940	1770795	35816	10
34941	1770455	35816	10
34941	1770835	35816	10
34942	1770455	35816	10
34942	1770855	35816	10
34943	1770455	35816	10
34943	1770805	35816	10
34944	1770455	35816	3
34944	1770795	35816	10
34945	1770454	35815	5
34945	1770795	35815	5
34946	1770454	35815	5
34946	1770805	35815	5
34946	1770815	35815	5
34947	1770454	35815	5
34947	1770825	35815	5
34947	1770835	35815	5
34948	1770454	35815	5
34948	1770855	35815	5
34949	1770454	35815	5
34949	1770845	35815	5
34950	1770454	35815	5
34950	1770795	35815	5
34951	1770454	35815	5
34951	1770805	35815	5
34951	1770815	35815	5
34952	1770454	35815	5
34952	1770825	35815	5
34952	1770835	35815	5
34953	1770454	35815	5
34953	1770855	35815	5
34954	1770454	35815	5
34954	1770845	35815	5
34955	1770454	35815	5
34955	1770795	35815	5
34956	1770454	35815	5
34956	1770805	35815	5
34956	1770815	35815	5
34957	1770454	35815	5
34957	1770825	35815	5
34957	1770835	35815	5
34958	1770454	35815	5
34958	1770855	35815	5
34959	1770454	35815	5
34959	1770845	35815	5
34960	1770454	35815	5
34960	1770795	35815	5
34961	1770454	35815	5
34961	1770805	35815	5
34961	1770815	35815	5
34962	1770454	35815	5
34962	1770825	35815	5
34962	1770835	35815	5
34963	1770454	35815	5
34963	1770855	35815	5
34964	1770454	35815	5
34964	1770845	35815	5
34965	1770440	35817	2
34965	1770796	35817	2
34966	1770440	35818	4
34966	1770796	35818	4
34967	1770440	35819	2
34967	1770796	35819	2
34968	1770440	35820	4
34968	1770796	35820	4
34969	1770440	35821	2
34969	1770796	35821	2
34970	1770440	35817	2
34970	1770806	35817	2
34971	1770440	35818	4
34971	1770806	35818	4
34972	1770440	35819	2
34972	1770806	35819	2
34973	1770440	35820	4
34973	1770806	35820	4
34974	1770440	35821	2
34974	1770806	35821	2
34975	1770440	35817	2
34975	1770816	35817	2
34976	1770440	35818	4
34976	1770816	35818	4
34977	1770440	35819	2
34977	1770816	35819	2
34978	1770440	35820	4
34978	1770816	35820	4
34979	1770440	35821	2
34979	1770816	35821	2
34980	1770441	35817	2
34980	1770836	35817	2
34981	1770441	35818	4
34981	1770836	35818	4
34982	1770441	35819	2
34982	1770836	35819	2
34983	1770441	35820	4
34983	1770836	35820	4
34984	1770441	35821	2
34984	1770836	35821	2
34985	1770441	35817	2
34985	1770826	35817	2
34986	1770441	35818	4
34986	1770826	35818	4
34987	1770441	35819	2
34987	1770826	35819	2
34988	1770441	35820	4
34988	1770826	35820	4
34989	1770441	35821	2
34989	1770826	35821	2
34990	1770442	35817	2
34990	1770856	35817	2
34991	1770442	35818	4
34991	1770856	35818	4
34992	1770442	35819	2
34992	1770856	35819	2
34993	1770442	35820	4
34993	1770856	35820	4
34994	1770442	35821	2
34994	1770856	35821	2
34995	1770442	35817	2
34995	1770846	35817	2
34996	1770442	35818	4
34996	1770846	35818	4
34997	1770442	35819	2
34997	1770846	35819	2
34998	1770442	35820	4
34998	1770846	35820	4
34999	1770442	35821	2
34999	1770846	35821	2
35000	1770440	35822	1
35000	1770796	35822	1
35001	1770440	35822	1
35001	1770806	35822	1
35001	1770816	35822	1
35002	1770441	35822	1
35002	1770826	35822	1
35002	1770836	35822	1
35003	1770442	35822	1
35003	1770856	35822	1
35004	1770442	35822	1
35004	1770846	35822	1
35005	1770440	35822	1
35005	1770796	35822	1
35006	1770440	35822	1
35006	1770806	35822	1
35006	1770816	35822	1
35007	1770441	35822	1
35007	1770826	35822	1
35007	1770836	35822	1
35008	1770442	35822	1
35008	1770856	35822	1
35009	1770442	35822	1
35009	1770846	35822	1
35010	1770440	35822	1
35010	1770796	35822	1
35011	1770440	35822	1
35011	1770806	35822	1
35011	1770816	35822	1
35012	1770441	35822	1
35012	1770826	35822	1
35012	1770836	35822	1
35013	1770442	35822	1
35013	1770856	35822	1
35014	1770442	35822	1
35014	1770846	35822	1
35015	1770440	35822	1
35015	1770796	35822	1
35016	1770440	35822	1
35016	1770806	35822	1
35016	1770816	35822	1
35017	1770441	35822	1
35017	1770826	35822	1
35017	1770836	35822	1
35018	1770442	35822	1
35018	1770856	35822	1
35019	1770442	35822	1
35019	1770846	35822	1
35095	1770446	48	350
35095	1770446	35831	1
35096	1770446	48	500
35096	1770446	35831	1
35097	1770446	48	500
35097	1770446	35831	1
35098	1770446	48	500
35098	1770446	35831	1
35099	1770446	48	500
35099	1770446	35831	1
35100	1770446	48	500
35100	1770446	35831	1
35101	1770446	48	500
35101	1770446	35831	1
35102	1770446	48	500
35102	1770446	35831	1
35103	1770446	48	500
35103	1770446	35831	1
35104	1770446	48	500
35104	1770446	35831	1
35105	1770446	48	500
35105	1770446	35831	1
35106	1770446	48	500
35106	1770446	35831	1
35107	1770446	48	500
35107	1770446	35831	1
35108	1770446	48	500
35108	1770446	35831	1
35109	1770446	48	500
35109	1770446	35831	1
35110	1770446	48	500
35110	1770446	35831	1
35111	1770446	48	500
35111	1770446	35831	1
35112	1770446	48	500
35112	1770446	35831	1
35113	1770446	48	500
35113	1770446	35831	1
35114	1770437	48	150
35115	1770437	48	495
35116	1770437	48	825
35117	1770437	48	495
35118	1770437	48	825
35119	1770437	48	495
35120	1770437	48	495
35121	1770437	48	825
35122	1770437	48	495
35123	1770437	48	825
35124	1770437	48	495
35125	1770437	48	495
35126	1770437	48	825
35127	1770437	48	495
35128	1770437	48	825
35129	1770437	48	495
35130	1770437	48	495
35131	1770437	48	825
35132	1770437	48	495
35133	1770437	48	825
35134	1770437	48	495
35135	1770437	48	495
35136	1770437	48	825
35137	1770437	48	495
35138	1770437	48	825
35139	1770437	48	495
35140	1770438	48	495
35141	1770438	48	825
35142	1770438	48	495
35143	1770438	48	825
35144	1770438	48	495
35145	1770438	48	495
35146	1770438	48	825
35147	1770438	48	495
35148	1770438	48	825
35149	1770438	48	495
35150	1770437	48	375
35151	1770437	48	375
35152	1770437	48	375
35153	1770438	48	375
35154	1770438	48	375
35155	1770437	48	375
35156	1770437	48	375
35157	1770437	48	375
35158	1770438	48	375
35159	1770438	48	375
35160	1770437	48	375
35161	1770437	48	375
35162	1770437	48	375
35163	1770438	48	375
35164	1770438	48	375
35165	1770437	48	375
35166	1770437	48	375
35167	1770437	48	375
35168	1770438	48	375
35169	1770438	48	375
35170	1770447	28	100
35170	1770447	35095	1
35170	1770447	35114	1
35170	1770704	26533	100
35171	1770447	28	100
35171	1770447	35096	1
35171	1770704	26533	140
35172	1770447	28	100
35172	1770447	35097	1
35172	1770704	26533	140
35173	1770447	28	100
35173	1770447	35098	1
35173	1770704	26533	140
35174	1770448	28	100
35174	1770448	35099	1
35174	1770704	26533	140
35175	1770448	28	100
35175	1770448	35100	1
35175	1770704	26533	140
35176	1770447	28	100
35176	1770447	35101	1
35176	1770704	26533	140
35177	1770448	28	100
35177	1770448	35102	1
35177	1770704	26533	140
35178	1770449	28	100
35178	1770449	35103	1
35178	1770705	26533	140
35179	1770449	28	100
35179	1770449	35104	1
35179	1770705	26533	140
35180	1770449	28	100
35180	1770449	35105	1
35180	1770705	26533	140
35181	1770449	28	100
35181	1770449	35106	1
35181	1770705	26533	140
35182	1770449	28	100
35182	1770449	35107	1
35182	1770705	26533	140
35183	1770447	28	100
35183	1770447	35108	1
35183	1770704	26533	140
35184	1770449	28	100
35184	1770449	35109	1
35184	1770705	26533	140
35185	1770447	28	100
35185	1770447	35110	1
35185	1770704	26533	140
35186	1770448	28	100
35186	1770448	35111	1
35186	1770704	26533	140
35187	1770449	28	100
35187	1770449	35112	1
35187	1770705	26533	140
35188	1770447	28	100
35188	1770447	35113	1
35188	1770704	26533	140
35189	1770447	28	100
35189	1770447	35095	1
35189	1770447	35114	1
35189	1770704	26533	40
35190	1770447	28	100
35190	1770447	35115	1
35190	1770704	26533	70
35191	1770447	28	100
35191	1770447	35116	1
35191	1770704	26533	120
35192	1770447	28	100
35192	1770447	35117	1
35192	1770704	26533	70
35193	1770447	28	100
35193	1770447	35118	1
35193	1770704	26533	120
35194	1770447	28	100
35194	1770447	35119	1
35194	1770704	26533	70
35195	1770447	28	100
35195	1770447	35120	1
35195	1770704	26533	70
35196	1770447	28	100
35196	1770447	35121	1
35196	1770704	26533	120
35197	1770447	28	100
35197	1770447	35122	1
35197	1770704	26533	70
35198	1770447	28	100
35198	1770447	35123	1
35198	1770704	26533	120
35199	1770447	28	100
35199	1770447	35124	1
35199	1770704	26533	70
35200	1770447	28	100
35200	1770447	35125	1
35200	1770704	26533	70
35201	1770447	28	100
35201	1770447	35126	1
35201	1770704	26533	120
35202	1770447	28	100
35202	1770447	35127	1
35202	1770704	26533	70
35203	1770447	28	100
35203	1770447	35128	1
35203	1770704	26533	120
35204	1770447	28	100
35204	1770447	35129	1
35204	1770704	26533	70
35205	1770448	28	100
35205	1770448	35130	1
35205	1770704	26533	70
35206	1770448	28	100
35206	1770448	35131	1
35206	1770704	26533	120
35207	1770448	28	100
35207	1770448	35132	1
35207	1770704	26533	70
35208	1770448	28	100
35208	1770448	35133	1
35208	1770704	26533	120
35209	1770448	28	100
35209	1770448	35134	1
35209	1770704	26533	70
35210	1770448	28	100
35210	1770448	35135	1
35210	1770704	26533	70
35211	1770448	28	100
35211	1770448	35136	1
35211	1770704	26533	120
35212	1770448	28	100
35212	1770448	35137	1
35212	1770704	26533	70
35213	1770448	28	100
35213	1770448	35138	1
35213	1770704	26533	120
35214	1770448	28	100
35214	1770448	35139	1
35214	1770704	26533	70
35215	1770449	28	100
35215	1770449	35140	1
35215	1770705	26533	70
35216	1770449	28	100
35216	1770449	35141	1
35216	1770705	26533	120
35217	1770449	28	100
35217	1770449	35142	1
35217	1770705	26533	70
35218	1770449	28	100
35218	1770449	35143	1
35218	1770705	26533	120
35219	1770449	28	100
35219	1770449	35144	1
35219	1770705	26533	70
35220	1770449	28	100
35220	1770449	35145	1
35220	1770705	26533	70
35221	1770449	28	100
35221	1770449	35146	1
35221	1770705	26533	120
35222	1770449	28	100
35222	1770449	35147	1
35222	1770705	26533	70
35223	1770449	28	100
35223	1770449	35148	1
35223	1770705	26533	120
35224	1770449	28	100
35224	1770449	35149	1
35224	1770705	26533	70
35225	1770447	28	100
35225	1770447	35150	1
35225	1770704	26533	55
35226	1770447	28	100
35226	1770447	35151	1
35226	1770704	26533	55
35227	1770448	28	100
35227	1770448	35152	1
35227	1770704	26533	55
35228	1770449	28	100
35228	1770449	35153	1
35228	1770705	26533	55
35229	1770449	28	100
35229	1770449	35154	1
35229	1770705	26533	55
35230	1770447	28	100
35230	1770447	35155	1
35230	1770704	26533	55
35231	1770447	28	100
35231	1770447	35156	1
35231	1770704	26533	55
35232	1770448	28	100
35232	1770448	35157	1
35232	1770704	26533	55
35233	1770449	28	100
35233	1770449	35158	1
35233	1770705	26533	55
35234	1770449	28	100
35234	1770449	35159	1
35234	1770705	26533	55
35235	1770447	28	100
35235	1770447	35160	1
35235	1770704	26533	55
35236	1770447	28	100
35236	1770447	35161	1
35236	1770704	26533	55
35237	1770448	28	100
35237	1770448	35162	1
35237	1770704	26533	55
35238	1770449	28	100
35238	1770449	35163	1
35238	1770705	26533	55
35239	1770449	28	100
35239	1770449	35164	1
35239	1770705	26533	55
35240	1770447	28	100
35240	1770447	35165	1
35240	1770704	26533	55
35241	1770447	28	100
35241	1770447	35166	1
35241	1770704	26533	55
35242	1770448	28	100
35242	1770448	35167	1
35242	1770704	26533	55
35243	1770449	28	100
35243	1770449	35168	1
35243	1770705	26533	55
35244	1770449	28	100
35244	1770449	35169	1
35244	1770705	26533	55
35245	1770443	35826	5
35245	1770797	35826	8
35246	1770443	35826	8
35246	1770817	35826	8
35247	1770443	35826	8
35247	1770797	35826	8
35248	1770443	35826	8
35248	1770807	35826	8
35249	1770444	35826	8
35249	1770837	35826	8
35250	1770444	35826	8
35250	1770827	35826	8
35251	1770443	35826	8
35251	1770797	35826	8
35252	1770444	35826	8
35252	1770837	35826	8
35253	1770445	35826	8
35253	1770857	35826	8
35254	1770445	35826	8
35254	1770847	35826	8
35255	1770445	35826	8
35255	1770847	35826	8
35256	1770445	35826	8
35256	1770857	35826	8
35257	1770445	35826	8
35257	1770857	35826	8
35258	1770443	35826	8
35258	1770817	35826	8
35259	1770445	35826	8
35259	1770847	35826	8
35260	1770443	35826	8
35260	1770797	35826	8
35261	1770444	35826	8
35261	1770837	35826	8
35262	1770445	35826	8
35262	1770857	35826	8
35263	1770443	35826	8
35263	1770807	35826	8
35264	1770443	35826	3
35264	1770797	35826	8
35265	1770443	35824	6
35265	1770797	35824	6
35266	1770443	35826	8
35266	1770797	35826	8
35267	1770443	35824	6
35267	1770797	35824	6
35268	1770443	35825	8
35268	1770797	35825	8
35269	1770443	35824	6
35269	1770797	35824	6
35270	1770443	35824	6
35270	1770807	35824	6
35271	1770443	35826	8
35271	1770807	35826	8
35272	1770443	35824	6
35272	1770807	35824	6
35273	1770443	35825	8
35273	1770807	35825	8
35274	1770443	35824	6
35274	1770807	35824	6
35275	1770443	35824	6
35275	1770817	35824	6
35276	1770443	35826	8
35276	1770817	35826	8
35277	1770443	35824	6
35277	1770817	35824	6
35278	1770443	35825	8
35278	1770817	35825	8
35279	1770443	35824	6
35279	1770817	35824	6
35280	1770444	35824	6
35280	1770837	35824	6
35281	1770444	35826	8
35281	1770837	35826	8
35282	1770444	35824	6
35282	1770837	35824	6
35283	1770444	35825	8
35283	1770837	35825	8
35284	1770444	35824	6
35284	1770837	35824	6
35285	1770444	35824	6
35285	1770827	35824	6
35286	1770444	35826	8
35286	1770827	35826	8
35287	1770444	35824	6
35287	1770827	35824	6
35288	1770444	35825	8
35288	1770827	35825	8
35289	1770444	35824	6
35289	1770827	35824	6
35290	1770445	35824	6
35290	1770857	35824	6
35291	1770445	35826	8
35291	1770857	35826	8
35292	1770445	35824	6
35292	1770857	35824	6
35293	1770445	35825	8
35293	1770857	35825	8
35294	1770445	35824	6
35294	1770857	35824	6
35295	1770445	35824	6
35295	1770847	35824	6
35296	1770445	35826	8
35296	1770847	35826	8
35297	1770445	35824	6
35297	1770847	35824	6
35298	1770445	35825	8
35298	1770847	35825	8
35299	1770445	35824	6
35299	1770847	35824	6
35300	1770443	35823	4
35300	1770797	35823	4
35301	1770443	35823	4
35301	1770807	35823	4
35301	1770817	35823	4
35302	1770444	35823	4
35302	1770827	35823	4
35302	1770837	35823	4
35303	1770445	35823	4
35303	1770857	35823	4
35304	1770445	35823	4
35304	1770847	35823	4
35305	1770443	35823	4
35305	1770797	35823	4
35306	1770443	35823	4
35306	1770807	35823	4
35306	1770817	35823	4
35307	1770444	35823	4
35307	1770827	35823	4
35307	1770837	35823	4
35308	1770445	35823	4
35308	1770857	35823	4
35309	1770445	35823	4
35309	1770847	35823	4
35310	1770443	35823	4
35310	1770797	35823	4
35311	1770443	35823	4
35311	1770807	35823	4
35311	1770817	35823	4
35312	1770444	35823	4
35312	1770827	35823	4
35312	1770837	35823	4
35313	1770445	35823	4
35313	1770857	35823	4
35314	1770445	35823	4
35314	1770847	35823	4
35315	1770443	35823	4
35315	1770797	35823	4
35316	1770443	35823	4
35316	1770807	35823	4
35316	1770817	35823	4
35317	1770444	35823	4
35317	1770827	35823	4
35317	1770837	35823	4
35318	1770445	35823	4
35318	1770857	35823	4
35319	1770445	35823	4
35319	1770847	35823	4
35756	1769869	23165	3
35757	1769869	23165	6
35757	1769869	35756	1
35759	1769870	23166	10
35761	1769910	28	600
35761	1769989	12995	5
35761	1770247	28	600
35771	1770322	28	600
35771	1770404	28	600
35771	1770475	12995	5
35772	1770329	32143	8
35772	1770411	32143	8
35774	1769869	23165	3
35775	1769869	23165	6
35775	1769869	35774	1
35777	1769870	23166	10
35779	1769910	28	600
35779	1769989	12995	5
35779	1770252	28	600
35789	1770322	28	600
35789	1770409	28	600
35789	1770475	12995	5
35790	1770331	32143	8
35790	1770416	32143	8
36121	1770473	23219	1
36613	1770054	28	600
36613	1770388	28	600
36614	1770054	28	600
36614	1770383	28	600
36718	1770545	36793	4
36718	1770545	36794	10
36719	1770545	36793	7
36719	1770545	36794	17
36720	1770545	36793	7
36720	1770545	36794	17
36721	1770545	36793	7
36721	1770545	36794	17
36722	1770545	36793	7
36722	1770545	36794	17
36723	1770545	36793	7
36723	1770545	36794	17
36724	1770545	36793	7
36724	1770545	36794	17
36725	1770545	36793	7
36725	1770545	36794	17
36726	1770545	36793	7
36726	1770545	36794	17
36727	1770545	36793	7
36727	1770545	36794	17
36728	1770545	36793	7
36728	1770545	36794	17
36729	1770545	36793	7
36729	1770545	36794	17
36730	1770545	36793	7
36730	1770545	36794	17
36731	1770545	36793	7
36731	1770545	36794	17
36732	1770545	36793	7
36732	1770545	36794	17
36733	1770545	36793	7
36733	1770545	36794	17
36734	1770545	36793	7
36734	1770545	36794	17
36735	1770545	36793	7
36735	1770545	36794	17
36736	1770545	36793	7
36736	1770545	36794	17
36737	1770545	36793	3
36737	1770545	36794	7
36738	1770546	36793	3
36738	1770546	36794	11
36739	1770546	36793	5
36739	1770546	36794	17
36740	1770546	36793	3
36740	1770546	36794	11
36741	1770546	36793	5
36741	1770546	36794	17
36742	1770546	36793	3
36742	1770546	36794	11
36743	1770546	36793	3
36743	1770546	36794	11
36744	1770546	36793	5
36744	1770546	36794	17
36745	1770546	36793	3
36745	1770546	36794	11
36746	1770546	36793	5
36746	1770546	36794	17
36747	1770546	36793	3
36747	1770546	36794	11
36748	1770546	36793	3
36748	1770546	36794	11
36749	1770546	36793	5
36749	1770546	36794	17
36750	1770546	36793	3
36750	1770546	36794	11
36751	1770546	36793	5
36751	1770546	36794	17
36752	1770546	36793	3
36752	1770546	36794	11
36753	1770546	36793	3
36753	1770546	36794	11
36754	1770546	36793	5
36754	1770546	36794	17
36755	1770546	36793	3
36755	1770546	36794	11
36756	1770546	36793	5
36756	1770546	36794	17
36757	1770546	36793	3
36757	1770546	36794	11
36758	1770546	36793	3
36758	1770546	36794	11
36759	1770546	36793	5
36759	1770546	36794	17
36760	1770546	36793	3
36760	1770546	36794	11
36761	1770546	36793	5
36761	1770546	36794	17
36762	1770546	36793	3
36762	1770546	36794	11
36763	1770546	36793	3
36763	1770546	36794	11
36764	1770546	36793	5
36764	1770546	36794	17
36765	1770546	36793	3
36765	1770546	36794	11
36766	1770546	36793	5
36766	1770546	36794	17
36767	1770546	36793	3
36767	1770546	36794	11
36768	1770546	36793	3
36768	1770546	36794	11
36769	1770546	36793	5
36769	1770546	36794	17
36770	1770546	36793	3
36770	1770546	36794	11
36771	1770546	36793	5
36771	1770546	36794	17
36772	1770546	36793	3
36772	1770546	36794	11
36773	1770547	36793	2
36773	1770547	36794	7
36774	1770547	36793	2
36774	1770547	36794	7
36775	1770547	36793	2
36775	1770547	36794	7
36776	1770547	36793	2
36776	1770547	36794	7
36777	1770547	36793	2
36777	1770547	36794	7
36778	1770547	36793	2
36778	1770547	36794	7
36779	1770547	36793	2
36779	1770547	36794	7
36780	1770547	36793	2
36780	1770547	36794	7
36781	1770547	36793	2
36781	1770547	36794	7
36782	1770547	36793	2
36782	1770547	36794	7
36783	1770547	36793	2
36783	1770547	36794	7
36784	1770547	36793	2
36784	1770547	36794	7
36785	1770547	36793	2
36785	1770547	36794	7
36786	1770547	36793	2
36786	1770547	36794	7
36787	1770547	36793	2
36787	1770547	36794	7
36788	1770547	36793	2
36788	1770547	36794	7
36789	1770547	36793	2
36789	1770547	36794	7
36790	1770547	36793	2
36790	1770547	36794	7
36791	1770547	36793	2
36791	1770547	36794	7
36792	1770547	36793	2
36792	1770547	36794	7
36923	1770548	36809	7
36923	1770795	36809	10
36924	1770548	36809	10
36924	1770815	36809	10
36925	1770548	36809	10
36925	1770795	36809	10
36926	1770548	36809	10
36926	1770805	36809	10
36927	1770548	36809	10
36927	1770835	36809	10
36928	1770548	36809	10
36928	1770825	36809	10
36929	1770548	36809	10
36929	1770795	36809	10
36930	1770548	36809	10
36930	1770835	36809	10
36931	1770548	36809	10
36931	1770855	36809	10
36932	1770548	36809	10
36932	1770845	36809	10
36933	1770548	36809	10
36933	1770845	36809	10
36934	1770548	36809	10
36934	1770855	36809	10
36935	1770548	36809	10
36935	1770855	36809	10
36936	1770548	36809	10
36936	1770815	36809	10
36937	1770548	36809	10
36937	1770845	36809	10
36938	1770548	36809	10
36938	1770795	36809	10
36939	1770548	36809	10
36939	1770835	36809	10
36940	1770548	36809	10
36940	1770855	36809	10
36941	1770548	36809	10
36941	1770805	36809	10
36942	1770548	36809	3
36942	1770795	36809	10
36943	1770549	36810	1
36943	1770795	36810	1
36944	1770549	36810	1
36944	1770815	36810	1
36945	1770549	36810	1
36945	1770795	36810	1
36946	1770549	36810	1
36946	1770805	36810	1
36947	1770549	36810	1
36947	1770835	36810	1
36948	1770549	36810	1
36948	1770825	36810	1
36949	1770549	36810	1
36949	1770795	36810	1
36950	1770549	36810	1
36950	1770835	36810	1
36951	1770549	36810	1
36951	1770855	36810	1
36952	1770549	36810	1
36952	1770845	36810	1
36953	1770549	36810	1
36953	1770845	36810	1
36954	1770549	36810	1
36954	1770855	36810	1
36955	1770549	36810	1
36955	1770855	36810	1
36956	1770549	36810	1
36956	1770815	36810	1
36957	1770549	36810	1
36957	1770845	36810	1
36958	1770549	36810	1
36958	1770795	36810	1
36959	1770549	36810	1
36959	1770835	36810	1
36960	1770549	36810	1
36960	1770855	36810	1
36961	1770549	36810	1
36961	1770805	36810	1
36962	1770549	36810	1
36962	1770795	36810	1
37285	1769726	13627	10
37285	1770116	13627	10
37286	1769726	13627	10
37286	1770120	13627	10
37287	1769726	13627	10
37287	1770122	13627	10
37288	1769726	13627	10
37288	1770117	13627	10
37442	1770537	25	2000
37443	1770537	25	4000
37444	1770537	25	2000
37445	1770537	25	4000
37446	1770537	25	2000
37447	1770537	25	2000
37448	1770537	25	4000
37449	1770537	25	2000
37450	1770537	25	4000
37451	1770537	25	2000
37452	1770537	25	2000
37453	1770537	25	4000
37454	1770537	25	2000
37455	1770537	25	4000
37456	1770537	25	2000
37457	1770537	25	2000
37458	1770537	25	4000
37459	1770537	25	2000
37460	1770537	25	4000
37461	1770537	25	2000
37856	1770618	38374	7
37856	1770799	38374	10
37857	1770618	38374	10
37857	1770819	38374	10
37858	1770618	38374	10
37858	1770799	38374	10
37859	1770618	38374	10
37859	1770809	38374	10
37860	1770618	38374	10
37860	1770839	38374	10
37861	1770618	38374	10
37861	1770829	38374	10
37862	1770618	38374	10
37862	1770799	38374	10
37863	1770618	38374	10
37863	1770839	38374	10
37864	1770618	38374	10
37864	1770859	38374	10
37865	1770618	38374	10
37865	1770849	38374	10
37866	1770618	38374	10
37866	1770849	38374	10
37867	1770618	38374	10
37867	1770859	38374	10
37868	1770618	38374	10
37868	1770859	38374	10
37869	1770618	38374	10
37869	1770819	38374	10
37870	1770618	38374	10
37870	1770849	38374	10
37871	1770618	38374	10
37871	1770799	38374	10
37872	1770618	38374	10
37872	1770839	38374	10
37873	1770618	38374	10
37873	1770859	38374	10
37874	1770618	38374	10
37874	1770809	38374	10
37875	1770618	38374	3
37875	1770799	38374	10
37876	1770608	38375	2
37876	1770798	38375	2
37877	1770608	38376	4
37877	1770798	38376	4
37878	1770608	38377	2
37878	1770798	38377	2
37879	1770608	38378	4
37879	1770798	38378	4
37880	1770608	38379	2
37880	1770798	38379	2
37881	1770608	38375	2
37881	1770808	38375	2
37882	1770608	38376	4
37882	1770808	38376	4
37883	1770608	38377	2
37883	1770808	38377	2
37884	1770608	38378	4
37884	1770808	38378	4
37885	1770608	38379	2
37885	1770808	38379	2
37886	1770608	38375	2
37886	1770818	38375	2
37887	1770608	38376	4
37887	1770818	38376	4
37888	1770608	38377	2
37888	1770818	38377	2
37889	1770608	38378	4
37889	1770818	38378	4
37890	1770608	38379	2
37890	1770818	38379	2
37891	1770609	38375	2
37891	1770838	38375	2
37892	1770609	38376	4
37892	1770838	38376	4
37893	1770609	38377	2
37893	1770838	38377	2
37894	1770609	38378	4
37894	1770838	38378	4
37895	1770609	38379	2
37895	1770838	38379	2
37896	1770609	38375	2
37896	1770828	38375	2
37897	1770609	38376	4
37897	1770828	38376	4
37898	1770609	38377	2
37898	1770828	38377	2
37899	1770609	38378	4
37899	1770828	38378	4
37900	1770609	38379	2
37900	1770828	38379	2
37901	1770610	38375	2
37901	1770858	38375	2
37902	1770610	38376	4
37902	1770858	38376	4
37903	1770610	38377	2
37903	1770858	38377	2
37904	1770610	38378	4
37904	1770858	38378	4
37905	1770610	38379	2
37905	1770858	38379	2
37906	1770610	38375	2
37906	1770848	38375	2
37907	1770610	38376	4
37907	1770848	38376	4
37908	1770610	38377	2
37908	1770848	38377	2
37909	1770610	38378	4
37909	1770848	38378	4
37910	1770610	38379	2
37910	1770848	38379	2
37911	1770608	38380	1
37911	1770798	38380	1
37912	1770608	38380	1
37912	1770808	38380	1
37912	1770818	38380	1
37913	1770609	38380	1
37913	1770828	38380	1
37913	1770838	38380	1
37914	1770610	38380	1
37914	1770858	38380	1
37915	1770610	38380	1
37915	1770848	38380	1
37916	1770608	38380	1
37916	1770798	38380	1
37917	1770608	38380	1
37917	1770808	38380	1
37917	1770818	38380	1
37918	1770609	38380	1
37918	1770828	38380	1
37918	1770838	38380	1
37919	1770610	38380	1
37919	1770858	38380	1
37920	1770610	38380	1
37920	1770848	38380	1
37921	1770608	38380	1
37921	1770798	38380	1
37922	1770608	38380	1
37922	1770808	38380	1
37922	1770818	38380	1
37923	1770609	38380	1
37923	1770828	38380	1
37923	1770838	38380	1
37924	1770610	38380	1
37924	1770858	38380	1
37925	1770610	38380	1
37925	1770848	38380	1
37926	1770608	38380	1
37926	1770798	38380	1
37927	1770608	38380	1
37927	1770808	38380	1
37927	1770818	38380	1
37928	1770609	38380	1
37928	1770828	38380	1
37928	1770838	38380	1
37929	1770610	38380	1
37929	1770858	38380	1
37930	1770610	38380	1
37930	1770848	38380	1
38006	1770614	28	430
38006	1770615	28	100
38006	1770615	37931	1
38006	1770615	37950	1
38006	1770800	28	600
38007	1770614	28	600
38007	1770615	28	100
38007	1770615	37932	1
38007	1770820	28	600
38008	1770614	28	600
38008	1770615	28	100
38008	1770615	37933	1
38008	1770800	28	600
38009	1770614	28	600
38009	1770615	28	100
38009	1770615	37934	1
38009	1770810	28	600
38010	1770614	28	600
38010	1770616	28	100
38010	1770616	37935	1
38010	1770840	28	600
38011	1770614	28	600
38011	1770616	28	100
38011	1770616	37936	1
38011	1770830	28	600
38012	1770614	28	600
38012	1770615	28	100
38012	1770615	37937	1
38012	1770800	28	600
38013	1770614	28	600
38013	1770616	28	100
38013	1770616	37938	1
38013	1770840	28	600
38014	1770614	28	600
38014	1770617	28	100
38014	1770617	37939	1
38014	1770860	28	600
38015	1770614	28	600
38015	1770617	28	100
38015	1770617	37940	1
38015	1770850	28	600
38016	1770614	28	600
38016	1770617	28	100
38016	1770617	37941	1
38016	1770850	28	600
38017	1770614	28	600
38017	1770617	28	100
38017	1770617	37942	1
38017	1770860	28	600
38018	1770614	28	600
38018	1770617	28	100
38018	1770617	37943	1
38018	1770860	28	600
38019	1770614	28	600
38019	1770615	28	100
38019	1770615	37944	1
38019	1770820	28	600
38020	1770614	28	600
38020	1770617	28	100
38020	1770617	37945	1
38020	1770850	28	600
38021	1770614	28	600
38021	1770615	28	100
38021	1770615	37946	1
38021	1770800	28	600
38022	1770614	28	600
38022	1770616	28	100
38022	1770616	37947	1
38022	1770840	28	600
38023	1770614	28	600
38023	1770617	28	100
38023	1770617	37948	1
38023	1770860	28	600
38024	1770614	28	600
38024	1770615	28	100
38024	1770615	37949	1
38024	1770810	28	600
38025	1770606	28	170
38025	1770615	28	100
38025	1770615	37931	1
38025	1770615	37950	1
38025	1770800	28	600
38026	1770606	28	345
38026	1770615	28	100
38026	1770615	37951	1
38026	1770800	28	345
38027	1770606	28	510
38027	1770615	28	100
38027	1770615	37952	1
38027	1770800	28	510
38028	1770606	28	345
38028	1770615	28	100
38028	1770615	37953	1
38028	1770800	28	345
38029	1770606	28	510
38029	1770615	28	100
38029	1770615	37954	1
38029	1770800	28	510
38030	1770606	28	345
38030	1770615	28	100
38030	1770615	37955	1
38030	1770800	28	345
38031	1770606	28	345
38031	1770615	28	100
38031	1770615	37956	1
38031	1770810	28	345
38032	1770606	28	510
38032	1770615	28	100
38032	1770615	37957	1
38032	1770810	28	510
38033	1770606	28	345
38033	1770615	28	100
38033	1770615	37958	1
38033	1770810	28	345
38034	1770606	28	510
38034	1770615	28	100
38034	1770615	37959	1
38034	1770810	28	510
38035	1770606	28	345
38035	1770615	28	100
38035	1770615	37960	1
38035	1770810	28	345
38036	1770606	28	345
38036	1770615	28	100
38036	1770615	37961	1
38036	1770820	28	345
38037	1770606	28	510
38037	1770615	28	100
38037	1770615	37962	1
38037	1770820	28	510
38038	1770606	28	345
38038	1770615	28	100
38038	1770615	37963	1
38038	1770820	28	345
38039	1770606	28	510
38039	1770615	28	100
38039	1770615	37964	1
38039	1770820	28	510
38040	1770606	28	345
38040	1770615	28	100
38040	1770615	37965	1
38040	1770820	28	345
38041	1770606	28	345
38041	1770616	28	100
38041	1770616	37966	1
38041	1770840	28	345
38042	1770606	28	510
38042	1770616	28	100
38042	1770616	37967	1
38042	1770840	28	510
38043	1770606	28	345
38043	1770616	28	100
38043	1770616	37968	1
38043	1770840	28	345
38044	1770606	28	510
38044	1770616	28	100
38044	1770616	37969	1
38044	1770840	28	510
38045	1770606	28	345
38045	1770616	28	100
38045	1770616	37970	1
38045	1770840	28	345
38046	1770606	28	345
38046	1770616	28	100
38046	1770616	37971	1
38046	1770830	28	345
38047	1770606	28	510
38047	1770616	28	100
38047	1770616	37972	1
38047	1770830	28	510
38048	1770606	28	345
38048	1770616	28	100
38048	1770616	37973	1
38048	1770830	28	345
38049	1770606	28	510
38049	1770616	28	100
38049	1770616	37974	1
38049	1770830	28	510
38050	1770606	28	345
38050	1770616	28	100
38050	1770616	37975	1
38050	1770830	28	345
38051	1770607	28	345
38051	1770617	28	100
38051	1770617	37976	1
38051	1770860	28	345
38052	1770607	28	510
38052	1770617	28	100
38052	1770617	37977	1
38052	1770860	28	510
38053	1770607	28	345
38053	1770617	28	100
38053	1770617	37978	1
38053	1770860	28	345
38054	1770607	28	510
38054	1770617	28	100
38054	1770617	37979	1
38054	1770860	28	510
38055	1770607	28	345
38055	1770617	28	100
38055	1770617	37980	1
38055	1770860	28	345
38056	1770607	28	345
38056	1770617	28	100
38056	1770617	37981	1
38056	1770850	28	345
38057	1770607	28	510
38057	1770617	28	100
38057	1770617	37982	1
38057	1770850	28	510
38058	1770607	28	345
38058	1770617	28	100
38058	1770617	37983	1
38058	1770850	28	345
38059	1770607	28	510
38059	1770617	28	100
38059	1770617	37984	1
38059	1770850	28	510
38060	1770607	28	345
38060	1770617	28	100
38060	1770617	37985	1
38060	1770850	28	345
38061	1770606	28	280
38061	1770615	28	100
38061	1770615	37986	1
38061	1770800	28	280
38062	1770606	28	280
38062	1770615	28	100
38062	1770615	37987	1
38062	1770810	28	280
38062	1770820	28	280
38063	1770606	28	280
38063	1770616	28	100
38063	1770616	37988	1
38063	1770830	28	280
38063	1770840	28	280
38064	1770607	28	280
38064	1770617	28	100
38064	1770617	37989	1
38064	1770860	28	280
38065	1770607	28	280
38065	1770617	28	100
38065	1770617	37990	1
38065	1770850	28	280
38066	1770606	28	280
38066	1770615	28	100
38066	1770615	37991	1
38066	1770800	28	280
38067	1770606	28	280
38067	1770615	28	100
38067	1770615	37992	1
38067	1770810	28	280
38067	1770820	28	280
38068	1770606	28	280
38068	1770616	28	100
38068	1770616	37993	1
38068	1770830	28	280
38068	1770840	28	280
38069	1770607	28	280
38069	1770617	28	100
38069	1770617	37994	1
38069	1770860	28	280
38070	1770607	28	280
38070	1770617	28	100
38070	1770617	37995	1
38070	1770850	28	280
38071	1770606	28	280
38071	1770615	28	100
38071	1770615	37996	1
38071	1770800	28	280
38072	1770606	28	280
38072	1770615	28	100
38072	1770615	37997	1
38072	1770810	28	280
38072	1770820	28	280
38073	1770606	28	280
38073	1770616	28	100
38073	1770616	37998	1
38073	1770830	28	280
38073	1770840	28	280
38074	1770607	28	280
38074	1770617	28	100
38074	1770617	37999	1
38074	1770860	28	280
38075	1770607	28	280
38075	1770617	28	100
38075	1770617	38000	1
38075	1770850	28	280
38076	1770606	28	280
38076	1770615	28	100
38076	1770615	38001	1
38076	1770800	28	280
38077	1770606	28	280
38077	1770615	28	100
38077	1770615	38002	1
38077	1770810	28	280
38077	1770820	28	280
38078	1770606	28	280
38078	1770616	28	100
38078	1770616	38003	1
38078	1770830	28	280
38078	1770840	28	280
38079	1770607	28	280
38079	1770617	28	100
38079	1770617	38004	1
38079	1770860	28	280
38080	1770607	28	280
38080	1770617	28	100
38080	1770617	38005	1
38080	1770850	28	280
38081	1770611	38384	5
38081	1770801	38384	8
38082	1770611	38384	8
38082	1770821	38384	8
38083	1770611	38384	8
38083	1770801	38384	8
38084	1770611	38384	8
38084	1770811	38384	8
38085	1770612	38384	8
38085	1770841	38384	8
38086	1770612	38384	8
38086	1770831	38384	8
38087	1770611	38384	8
38087	1770801	38384	8
38088	1770612	38384	8
38088	1770841	38384	8
38089	1770613	38384	8
38089	1770861	38384	8
38090	1770613	38384	8
38090	1770851	38384	8
38091	1770613	38384	8
38091	1770851	38384	8
38092	1770613	38384	8
38092	1770861	38384	8
38093	1770613	38384	8
38093	1770861	38384	8
38094	1770611	38384	8
38094	1770821	38384	8
38095	1770613	38384	8
38095	1770851	38384	8
38096	1770611	38384	8
38096	1770801	38384	8
38097	1770612	38384	8
38097	1770841	38384	8
38098	1770613	38384	8
38098	1770861	38384	8
38099	1770611	38384	8
38099	1770811	38384	8
38100	1770611	38384	3
38100	1770801	38384	8
38101	1770611	38382	4
38101	1770801	38382	4
38102	1770611	38384	8
38102	1770801	38384	8
38103	1770611	38382	4
38103	1770801	38382	4
38104	1770611	38383	8
38104	1770801	38383	8
38105	1770611	38382	4
38105	1770801	38382	4
38106	1770611	38382	4
38106	1770811	38382	4
38107	1770611	38384	8
38107	1770811	38384	8
38108	1770611	38382	4
38108	1770811	38382	4
38109	1770611	38383	8
38109	1770811	38383	8
38110	1770611	38382	4
38110	1770811	38382	4
38111	1770611	38382	4
38111	1770821	38382	4
38112	1770611	38384	8
38112	1770821	38384	8
38113	1770611	38382	4
38113	1770821	38382	4
38114	1770611	38383	8
38114	1770821	38383	8
38115	1770611	38382	4
38115	1770821	38382	4
38116	1770612	38382	4
38116	1770841	38382	4
38117	1770612	38384	8
38117	1770841	38384	8
38118	1770612	38382	4
38118	1770841	38382	4
38119	1770612	38383	8
38119	1770841	38383	8
38120	1770612	38382	4
38120	1770841	38382	4
38121	1770612	38382	4
38121	1770831	38382	4
38122	1770612	38384	8
38122	1770831	38384	8
38123	1770612	38382	4
38123	1770831	38382	4
38124	1770612	38383	8
38124	1770831	38383	8
38125	1770612	38382	4
38125	1770831	38382	4
38126	1770613	38382	4
38126	1770861	38382	4
38127	1770613	38384	8
38127	1770861	38384	8
38128	1770613	38382	4
38128	1770861	38382	4
38129	1770613	38383	8
38129	1770861	38383	8
38130	1770613	38382	4
38130	1770861	38382	4
38131	1770613	38382	4
38131	1770851	38382	4
38132	1770613	38384	8
38132	1770851	38384	8
38133	1770613	38382	4
38133	1770851	38382	4
38134	1770613	38383	8
38134	1770851	38383	8
38135	1770613	38382	4
38135	1770851	38382	4
38136	1770611	38381	4
38136	1770801	38381	4
38137	1770611	38381	4
38137	1770811	38381	4
38137	1770821	38381	4
38138	1770612	38381	4
38138	1770831	38381	4
38138	1770841	38381	4
38139	1770613	38381	4
38139	1770861	38381	4
38140	1770613	38381	4
38140	1770851	38381	4
38141	1770611	38381	4
38141	1770801	38381	4
38142	1770611	38381	4
38142	1770811	38381	4
38142	1770821	38381	4
38143	1770612	38381	4
38143	1770831	38381	4
38143	1770841	38381	4
38144	1770613	38381	4
38144	1770861	38381	4
38145	1770613	38381	4
38145	1770851	38381	4
38146	1770611	38381	4
38146	1770801	38381	4
38147	1770611	38381	4
38147	1770811	38381	4
38147	1770821	38381	4
38148	1770612	38381	4
38148	1770831	38381	4
38148	1770841	38381	4
38149	1770613	38381	4
38149	1770861	38381	4
38150	1770613	38381	4
38150	1770851	38381	4
38151	1770611	38381	4
38151	1770801	38381	4
38152	1770611	38381	4
38152	1770811	38381	4
38152	1770821	38381	4
38153	1770612	38381	4
38153	1770831	38381	4
38153	1770841	38381	4
38154	1770613	38381	4
38154	1770861	38381	4
38155	1770613	38381	4
38155	1770851	38381	4
39012	1770656	39087	4
39012	1770656	39088	10
39013	1770656	39087	7
39013	1770656	39088	17
39014	1770656	39087	7
39014	1770656	39088	17
39015	1770656	39087	7
39015	1770656	39088	17
39016	1770656	39087	7
39016	1770656	39088	17
39017	1770656	39087	7
39017	1770656	39088	17
39018	1770656	39087	7
39018	1770656	39088	17
39019	1770656	39087	7
39019	1770656	39088	17
39020	1770656	39087	7
39020	1770656	39088	17
39021	1770656	39087	7
39021	1770656	39088	17
39022	1770656	39087	7
39022	1770656	39088	17
39023	1770656	39087	7
39023	1770656	39088	17
39024	1770656	39087	7
39024	1770656	39088	17
39025	1770656	39087	7
39025	1770656	39088	17
39026	1770656	39087	7
39026	1770656	39088	17
39027	1770656	39087	7
39027	1770656	39088	17
39028	1770656	39087	7
39028	1770656	39088	17
39029	1770656	39087	7
39029	1770656	39088	17
39030	1770656	39087	7
39030	1770656	39088	17
39031	1770656	39087	3
39031	1770656	39088	7
39032	1770657	39087	3
39032	1770657	39088	11
39033	1770657	39087	5
39033	1770657	39088	17
39034	1770657	39087	3
39034	1770657	39088	11
39035	1770657	39087	5
39035	1770657	39088	17
39036	1770657	39087	3
39036	1770657	39088	11
39037	1770657	39087	3
39037	1770657	39088	11
39038	1770657	39087	5
39038	1770657	39088	17
39039	1770657	39087	3
39039	1770657	39088	11
39040	1770657	39087	5
39040	1770657	39088	17
39041	1770657	39087	3
39041	1770657	39088	11
39042	1770657	39087	3
39042	1770657	39088	11
39043	1770657	39087	5
39043	1770657	39088	17
39044	1770657	39087	3
39044	1770657	39088	11
39045	1770657	39087	5
39045	1770657	39088	17
39046	1770657	39087	3
39046	1770657	39088	11
39047	1770657	39087	3
39047	1770657	39088	11
39048	1770657	39087	5
39048	1770657	39088	17
39049	1770657	39087	3
39049	1770657	39088	11
39050	1770657	39087	5
39050	1770657	39088	17
39051	1770657	39087	3
39051	1770657	39088	11
39052	1770657	39087	3
39052	1770657	39088	11
39053	1770657	39087	5
39053	1770657	39088	17
39054	1770657	39087	3
39054	1770657	39088	11
39055	1770657	39087	5
39055	1770657	39088	17
39056	1770657	39087	3
39056	1770657	39088	11
39057	1770657	39087	3
39057	1770657	39088	11
39058	1770657	39087	5
39058	1770657	39088	17
39059	1770657	39087	3
39059	1770657	39088	11
39060	1770657	39087	5
39060	1770657	39088	17
39061	1770657	39087	3
39061	1770657	39088	11
39062	1770657	39087	3
39062	1770657	39088	11
39063	1770657	39087	5
39063	1770657	39088	17
39064	1770657	39087	3
39064	1770657	39088	11
39065	1770657	39087	5
39065	1770657	39088	17
39066	1770657	39087	3
39066	1770657	39088	11
39067	1770658	39087	2
39067	1770658	39088	7
39068	1770658	39087	2
39068	1770658	39088	7
39069	1770658	39087	2
39069	1770658	39088	7
39070	1770658	39087	2
39070	1770658	39088	7
39071	1770658	39087	2
39071	1770658	39088	7
39072	1770658	39087	2
39072	1770658	39088	7
39073	1770658	39087	2
39073	1770658	39088	7
39074	1770658	39087	2
39074	1770658	39088	7
39075	1770658	39087	2
39075	1770658	39088	7
39076	1770658	39087	2
39076	1770658	39088	7
39077	1770658	39087	2
39077	1770658	39088	7
39078	1770658	39087	2
39078	1770658	39088	7
39079	1770658	39087	2
39079	1770658	39088	7
39080	1770658	39087	2
39080	1770658	39088	7
39081	1770658	39087	2
39081	1770658	39088	7
39082	1770658	39087	2
39082	1770658	39088	7
39083	1770658	39087	2
39083	1770658	39088	7
39084	1770658	39087	2
39084	1770658	39088	7
39085	1770658	39087	2
39085	1770658	39088	7
39086	1770658	39087	2
39086	1770658	39088	7
39124	1770641	38949	7
39124	1770799	38949	10
39125	1770641	38949	10
39125	1770819	38949	10
39126	1770641	38949	10
39126	1770799	38949	10
39127	1770641	38949	10
39127	1770809	38949	10
39128	1770641	38949	10
39128	1770839	38949	10
39129	1770641	38949	10
39129	1770829	38949	10
39130	1770641	38949	10
39130	1770799	38949	10
39131	1770641	38949	10
39131	1770839	38949	10
39132	1770641	38949	10
39132	1770859	38949	10
39133	1770641	38949	10
39133	1770849	38949	10
39134	1770641	38949	10
39134	1770849	38949	10
39135	1770641	38949	10
39135	1770859	38949	10
39136	1770641	38949	10
39136	1770859	38949	10
39137	1770641	38949	10
39137	1770819	38949	10
39138	1770641	38949	10
39138	1770849	38949	10
39139	1770641	38949	10
39139	1770799	38949	10
39140	1770641	38949	10
39140	1770839	38949	10
39141	1770641	38949	10
39141	1770859	38949	10
39142	1770641	38949	10
39142	1770809	38949	10
39143	1770641	38949	3
39143	1770799	38949	10
39164	1770642	38951	1
39164	1770795	38951	1
39165	1770642	38951	1
39165	1770815	38951	1
39166	1770642	38951	1
39166	1770795	38951	1
39167	1770642	38951	1
39167	1770805	38951	1
39168	1770642	38951	1
39168	1770835	38951	1
39169	1770642	38951	1
39169	1770825	38951	1
39170	1770642	38951	1
39170	1770795	38951	1
39171	1770642	38951	1
39171	1770835	38951	1
39172	1770642	38951	1
39172	1770855	38951	1
39173	1770642	38951	1
39173	1770845	38951	1
39174	1770642	38951	1
39174	1770845	38951	1
39175	1770642	38951	1
39175	1770855	38951	1
39176	1770642	38951	1
39176	1770855	38951	1
39177	1770642	38951	1
39177	1770815	38951	1
39178	1770642	38951	1
39178	1770845	38951	1
39179	1770642	38951	1
39179	1770795	38951	1
39180	1770642	38951	1
39180	1770835	38951	1
39181	1770642	38951	1
39181	1770855	38951	1
39182	1770642	38951	1
39182	1770805	38951	1
39183	1770642	38951	1
39183	1770795	38951	1
39184	1770636	38943	3
39185	1770636	38943	3
39186	1770636	38943	3
39187	1770636	38943	3
39188	1770636	38943	3
39189	1770636	38943	3
39190	1770636	38943	3
39191	1770636	38943	3
39192	1770636	38943	3
39193	1770636	38943	3
39194	1770636	38943	3
39195	1770636	38943	3
39196	1770636	38943	3
39197	1770636	38943	3
39198	1770636	38943	3
39199	1770636	38943	3
39200	1770636	38943	3
39201	1770636	38943	3
39202	1770636	38943	3
39203	1770636	38943	3
39204	1770636	38943	6
39204	1770636	39184	1
39204	1770636	39203	1
39205	1770636	38943	6
39205	1770636	39185	1
39206	1770636	38943	6
39206	1770636	39186	1
39207	1770636	38943	6
39207	1770636	39187	1
39208	1770636	38943	6
39208	1770636	39188	1
39209	1770636	38943	6
39209	1770636	39189	1
39210	1770636	38943	6
39210	1770636	39190	1
39211	1770636	38943	6
39211	1770636	39191	1
39212	1770636	38943	6
39212	1770636	39192	1
39213	1770636	38943	6
39213	1770636	39193	1
39214	1770636	38943	6
39214	1770636	39194	1
39215	1770636	38943	6
39215	1770636	39195	1
39216	1770636	38943	6
39216	1770636	39196	1
39217	1770636	38943	6
39217	1770636	39197	1
39218	1770636	38943	6
39218	1770636	39198	1
39219	1770636	38943	6
39219	1770636	39199	1
39220	1770636	38943	6
39220	1770636	39200	1
39221	1770636	38943	6
39221	1770636	39201	1
39222	1770636	38943	6
39222	1770636	39202	1
39223	1770636	38943	6
39223	1770636	39184	1
39223	1770636	39203	1
39568	1769922	23973	8
39568	1770259	23973	8
39569	1769920	23973	8
39569	1770254	23973	8
39940	1770703	40295	7
39940	1770799	40295	10
39941	1770703	40295	10
39941	1770819	40295	10
39942	1770703	40295	10
39942	1770799	40295	10
39943	1770703	40295	10
39943	1770809	40295	10
39944	1770703	40295	10
39944	1770839	40295	10
39945	1770703	40295	10
39945	1770829	40295	10
39946	1770703	40295	10
39946	1770799	40295	10
39947	1770703	40295	10
39947	1770839	40295	10
39948	1770703	40295	10
39948	1770859	40295	10
39949	1770703	40295	10
39949	1770849	40295	10
39950	1770703	40295	10
39950	1770849	40295	10
39951	1770703	40295	10
39951	1770859	40295	10
39952	1770703	40295	10
39952	1770859	40295	10
39953	1770703	40295	10
39953	1770819	40295	10
39954	1770703	40295	10
39954	1770849	40295	10
39955	1770703	40295	10
39955	1770799	40295	10
39956	1770703	40295	10
39956	1770839	40295	10
39957	1770703	40295	10
39957	1770859	40295	10
39958	1770703	40295	10
39958	1770809	40295	10
39959	1770703	40295	3
39959	1770799	40295	10
39960	1770693	40297	2
39960	1770802	40297	2
39961	1770693	40298	4
39961	1770802	40298	4
39962	1770693	40299	2
39962	1770802	40299	2
39963	1770693	40300	4
39963	1770802	40300	4
39964	1770693	40301	2
39964	1770802	40301	2
39965	1770693	40297	2
39965	1770812	40297	2
39966	1770693	40298	4
39966	1770812	40298	4
39967	1770693	40299	2
39967	1770812	40299	2
39968	1770693	40300	4
39968	1770812	40300	4
39969	1770693	40301	2
39969	1770812	40301	2
39970	1770693	40297	2
39970	1770822	40297	2
39971	1770693	40298	4
39971	1770822	40298	4
39972	1770693	40299	2
39972	1770822	40299	2
39973	1770693	40300	4
39973	1770822	40300	4
39974	1770693	40301	2
39974	1770822	40301	2
39975	1770694	40297	2
39975	1770842	40297	2
39976	1770694	40298	4
39976	1770842	40298	4
39977	1770694	40299	2
39977	1770842	40299	2
39978	1770694	40300	4
39978	1770842	40300	4
39979	1770694	40301	2
39979	1770842	40301	2
39980	1770694	40297	2
39980	1770832	40297	2
39981	1770694	40298	4
39981	1770832	40298	4
39982	1770694	40299	2
39982	1770832	40299	2
39983	1770694	40300	4
39983	1770832	40300	4
39984	1770694	40301	2
39984	1770832	40301	2
39985	1770695	40297	2
39985	1770862	40297	2
39986	1770695	40298	4
39986	1770862	40298	4
39987	1770695	40299	2
39987	1770862	40299	2
39988	1770695	40300	4
39988	1770862	40300	4
39989	1770695	40301	2
39989	1770862	40301	2
39990	1770695	40297	2
39990	1770852	40297	2
39991	1770695	40298	4
39991	1770852	40298	4
39992	1770695	40299	2
39992	1770852	40299	2
39993	1770695	40300	4
39993	1770852	40300	4
39994	1770695	40301	2
39994	1770852	40301	2
39995	1770693	40302	1
39995	1770802	40302	1
39996	1770693	40302	1
39996	1770812	40302	1
39996	1770822	40302	1
39997	1770694	40302	1
39997	1770832	40302	1
39997	1770842	40302	1
39998	1770695	40302	1
39998	1770862	40302	1
39999	1770695	40302	1
39999	1770852	40302	1
40000	1770693	40302	1
40000	1770802	40302	1
40001	1770693	40302	1
40001	1770812	40302	1
40001	1770822	40302	1
40002	1770694	40302	1
40002	1770832	40302	1
40002	1770842	40302	1
40003	1770695	40302	1
40003	1770862	40302	1
40004	1770695	40302	1
40004	1770852	40302	1
40005	1770693	40302	1
40005	1770802	40302	1
40006	1770693	40302	1
40006	1770812	40302	1
40006	1770822	40302	1
40007	1770694	40302	1
40007	1770832	40302	1
40007	1770842	40302	1
40008	1770695	40302	1
40008	1770862	40302	1
40009	1770695	40302	1
40009	1770852	40302	1
40010	1770693	40302	1
40010	1770802	40302	1
40011	1770693	40302	1
40011	1770812	40302	1
40011	1770822	40302	1
40012	1770694	40302	1
40012	1770832	40302	1
40012	1770842	40302	1
40013	1770695	40302	1
40013	1770862	40302	1
40014	1770695	40302	1
40014	1770852	40302	1
40090	1770699	28	430
40090	1770700	28	100
40090	1770700	40015	1
40090	1770700	40034	1
40090	1770756	12995	5
40090	1770803	28	600
40091	1770699	28	600
40091	1770700	28	100
40091	1770700	40016	1
40091	1770756	12995	5
40091	1770823	28	600
40092	1770699	28	600
40092	1770700	28	100
40092	1770700	40017	1
40092	1770756	12995	5
40092	1770803	28	600
40093	1770699	28	600
40093	1770700	28	100
40093	1770700	40018	1
40093	1770756	12995	5
40093	1770813	28	600
40094	1770699	28	600
40094	1770701	28	100
40094	1770701	40019	1
40094	1770756	12995	5
40094	1770843	28	600
40095	1770699	28	600
40095	1770701	28	100
40095	1770701	40020	1
40095	1770756	12995	5
40095	1770833	28	600
40096	1770699	28	600
40096	1770700	28	100
40096	1770700	40021	1
40096	1770756	12995	5
40096	1770803	28	600
40097	1770699	28	600
40097	1770701	28	100
40097	1770701	40022	1
40097	1770756	12995	5
40097	1770843	28	600
40098	1770699	28	600
40098	1770702	28	100
40098	1770702	40023	1
40098	1770756	12995	5
40098	1770863	28	600
40099	1770699	28	600
40099	1770702	28	100
40099	1770702	40024	1
40099	1770756	12995	5
40099	1770853	28	600
40100	1770699	28	600
40100	1770702	28	100
40100	1770702	40025	1
40100	1770756	12995	5
40100	1770853	28	600
40101	1770699	28	600
40101	1770702	28	100
40101	1770702	40026	1
40101	1770756	12995	5
40101	1770863	28	600
40102	1770699	28	600
40102	1770702	28	100
40102	1770702	40027	1
40102	1770756	12995	5
40102	1770863	28	600
40103	1770699	28	600
40103	1770700	28	100
40103	1770700	40028	1
40103	1770756	12995	5
40103	1770823	28	600
40104	1770699	28	600
40104	1770702	28	100
40104	1770702	40029	1
40104	1770756	12995	5
40104	1770853	28	600
40105	1770699	28	600
40105	1770700	28	100
40105	1770700	40030	1
40105	1770756	12995	5
40105	1770803	28	600
40106	1770699	28	600
40106	1770701	28	100
40106	1770701	40031	1
40106	1770756	12995	5
40106	1770843	28	600
40107	1770699	28	600
40107	1770702	28	100
40107	1770702	40032	1
40107	1770756	12995	5
40107	1770863	28	600
40108	1770699	28	600
40108	1770700	28	100
40108	1770700	40033	1
40108	1770756	12995	5
40108	1770813	28	600
40109	1770691	28	170
40109	1770700	28	100
40109	1770700	40015	1
40109	1770700	40034	1
40109	1770756	12995	5
40109	1770803	28	600
40110	1770691	28	345
40110	1770700	28	100
40110	1770700	40035	1
40110	1770803	28	345
40111	1770691	28	510
40111	1770700	28	100
40111	1770700	40036	1
40111	1770756	12995	5
40111	1770803	28	510
40112	1770691	28	345
40112	1770700	28	100
40112	1770700	40037	1
40112	1770803	28	345
40113	1770691	28	510
40113	1770700	28	100
40113	1770700	40038	1
40113	1770756	12995	5
40113	1770803	28	510
40114	1770691	28	345
40114	1770700	28	100
40114	1770700	40039	1
40114	1770803	28	345
40115	1770691	28	345
40115	1770700	28	100
40115	1770700	40040	1
40115	1770813	28	345
40116	1770691	28	510
40116	1770700	28	100
40116	1770700	40041	1
40116	1770756	12995	5
40116	1770813	28	510
40117	1770691	28	345
40117	1770700	28	100
40117	1770700	40042	1
40117	1770813	28	345
40118	1770691	28	510
40118	1770700	28	100
40118	1770700	40043	1
40118	1770756	12995	5
40118	1770813	28	510
40119	1770691	28	345
40119	1770700	28	100
40119	1770700	40044	1
40119	1770813	28	345
40120	1770691	28	345
40120	1770700	28	100
40120	1770700	40045	1
40120	1770823	28	345
40121	1770691	28	510
40121	1770700	28	100
40121	1770700	40046	1
40121	1770756	12995	5
40121	1770823	28	510
40122	1770691	28	345
40122	1770700	28	100
40122	1770700	40047	1
40122	1770823	28	345
40123	1770691	28	510
40123	1770700	28	100
40123	1770700	40048	1
40123	1770756	12995	5
40123	1770823	28	510
40124	1770691	28	345
40124	1770700	28	100
40124	1770700	40049	1
40124	1770823	28	345
40125	1770691	28	345
40125	1770701	28	100
40125	1770701	40050	1
40125	1770843	28	345
40126	1770691	28	510
40126	1770701	28	100
40126	1770701	40051	1
40126	1770756	12995	5
40126	1770843	28	510
40127	1770691	28	345
40127	1770701	28	100
40127	1770701	40052	1
40127	1770843	28	345
40128	1770691	28	510
40128	1770701	28	100
40128	1770701	40053	1
40128	1770756	12995	5
40128	1770843	28	510
40129	1770691	28	345
40129	1770701	28	100
40129	1770701	40054	1
40129	1770843	28	345
40130	1770691	28	345
40130	1770701	28	100
40130	1770701	40055	1
40130	1770833	28	345
40131	1770691	28	510
40131	1770701	28	100
40131	1770701	40056	1
40131	1770756	12995	5
40131	1770833	28	510
40132	1770691	28	345
40132	1770701	28	100
40132	1770701	40057	1
40132	1770833	28	345
40133	1770691	28	510
40133	1770701	28	100
40133	1770701	40058	1
40133	1770756	12995	5
40133	1770833	28	510
40134	1770691	28	345
40134	1770701	28	100
40134	1770701	40059	1
40134	1770833	28	345
40135	1770692	28	345
40135	1770702	28	100
40135	1770702	40060	1
40135	1770863	28	345
40136	1770692	28	510
40136	1770702	28	100
40136	1770702	40061	1
40136	1770756	12995	5
40136	1770863	28	510
40137	1770692	28	345
40137	1770702	28	100
40137	1770702	40062	1
40137	1770863	28	345
40138	1770692	28	510
40138	1770702	28	100
40138	1770702	40063	1
40138	1770756	12995	5
40138	1770863	28	510
40139	1770692	28	345
40139	1770702	28	100
40139	1770702	40064	1
40139	1770863	28	345
40140	1770692	28	345
40140	1770702	28	100
40140	1770702	40065	1
40140	1770853	28	345
40141	1770692	28	510
40141	1770702	28	100
40141	1770702	40066	1
40141	1770756	12995	5
40141	1770853	28	510
40142	1770692	28	345
40142	1770702	28	100
40142	1770702	40067	1
40142	1770853	28	345
40143	1770692	28	510
40143	1770702	28	100
40143	1770702	40068	1
40143	1770756	12995	5
40143	1770853	28	510
40144	1770692	28	345
40144	1770702	28	100
40144	1770702	40069	1
40144	1770853	28	345
40145	1770691	28	280
40145	1770700	28	100
40145	1770700	40070	1
40145	1770803	28	280
40146	1770691	28	280
40146	1770700	28	100
40146	1770700	40071	1
40146	1770813	28	280
40146	1770823	28	280
40147	1770691	28	280
40147	1770701	28	100
40147	1770701	40072	1
40147	1770833	28	280
40147	1770843	28	280
40148	1770692	28	280
40148	1770702	28	100
40148	1770702	40073	1
40148	1770863	28	280
40149	1770692	28	280
40149	1770702	28	100
40149	1770702	40074	1
40149	1770853	28	280
40150	1770691	28	280
40150	1770700	28	100
40150	1770700	40075	1
40150	1770803	28	280
40151	1770691	28	280
40151	1770700	28	100
40151	1770700	40076	1
40151	1770813	28	280
40151	1770823	28	280
40152	1770691	28	280
40152	1770701	28	100
40152	1770701	40077	1
40152	1770833	28	280
40152	1770843	28	280
40153	1770692	28	280
40153	1770702	28	100
40153	1770702	40078	1
40153	1770863	28	280
40154	1770692	28	280
40154	1770702	28	100
40154	1770702	40079	1
40154	1770853	28	280
40155	1770691	28	280
40155	1770700	28	100
40155	1770700	40080	1
40155	1770803	28	280
40156	1770691	28	280
40156	1770700	28	100
40156	1770700	40081	1
40156	1770813	28	280
40156	1770823	28	280
40157	1770691	28	280
40157	1770701	28	100
40157	1770701	40082	1
40157	1770833	28	280
40157	1770843	28	280
40158	1770692	28	280
40158	1770702	28	100
40158	1770702	40083	1
40158	1770863	28	280
40159	1770692	28	280
40159	1770702	28	100
40159	1770702	40084	1
40159	1770853	28	280
40160	1770691	28	280
40160	1770700	28	100
40160	1770700	40085	1
40160	1770803	28	280
40161	1770691	28	280
40161	1770700	28	100
40161	1770700	40086	1
40161	1770813	28	280
40161	1770823	28	280
40162	1770691	28	280
40162	1770701	28	100
40162	1770701	40087	1
40162	1770833	28	280
40162	1770843	28	280
40163	1770692	28	280
40163	1770702	28	100
40163	1770702	40088	1
40163	1770863	28	280
40164	1770692	28	280
40164	1770702	28	100
40164	1770702	40089	1
40164	1770853	28	280
40165	1770696	40306	5
40165	1770804	40306	8
40166	1770696	40306	8
40166	1770824	40306	8
40167	1770696	40306	8
40167	1770804	40306	8
40168	1770696	40306	8
40168	1770814	40306	8
40169	1770697	40306	8
40169	1770844	40306	8
40170	1770697	40306	8
40170	1770834	40306	8
40171	1770696	40306	8
40171	1770804	40306	8
40172	1770697	40306	8
40172	1770844	40306	8
40173	1770698	40306	8
40173	1770864	40306	8
40174	1770698	40306	8
40174	1770854	40306	8
40175	1770698	40306	8
40175	1770854	40306	8
40176	1770698	40306	8
40176	1770864	40306	8
40177	1770698	40306	8
40177	1770864	40306	8
40178	1770696	40306	8
40178	1770824	40306	8
40179	1770698	40306	8
40179	1770854	40306	8
40180	1770696	40306	8
40180	1770804	40306	8
40181	1770697	40306	8
40181	1770844	40306	8
40182	1770698	40306	8
40182	1770864	40306	8
40183	1770696	40306	8
40183	1770814	40306	8
40184	1770696	40306	3
40184	1770804	40306	8
40185	1770696	40304	4
40185	1770804	40304	4
40186	1770696	40305	6
40186	1770804	40305	6
40187	1770696	40304	4
40187	1770804	40304	4
40188	1770696	40305	6
40188	1770804	40305	6
40189	1770696	40304	4
40189	1770804	40304	4
40190	1770696	40304	4
40190	1770814	40304	4
40191	1770696	40305	6
40191	1770814	40305	6
40192	1770696	40304	4
40192	1770814	40304	4
40193	1770696	40305	6
40193	1770814	40305	6
40194	1770696	40304	4
40194	1770814	40304	4
40195	1770696	40304	4
40195	1770824	40304	4
40196	1770696	40305	6
40196	1770824	40305	6
40197	1770696	40304	4
40197	1770824	40304	4
40198	1770696	40305	6
40198	1770824	40305	6
40199	1770696	40304	4
40199	1770824	40304	4
40200	1770697	40304	4
40200	1770844	40304	4
40201	1770697	40305	6
40201	1770844	40305	6
40202	1770697	40304	4
40202	1770844	40304	4
40203	1770697	40305	6
40203	1770844	40305	6
40204	1770697	40304	4
40204	1770844	40304	4
40205	1770697	40304	4
40205	1770834	40304	4
40206	1770697	40305	6
40206	1770834	40305	6
40207	1770697	40304	4
40207	1770834	40304	4
40208	1770697	40305	6
40208	1770834	40305	6
40209	1770697	40304	4
40209	1770834	40304	4
40210	1770698	40304	4
40210	1770864	40304	4
40211	1770698	40305	6
40211	1770864	40305	6
40212	1770698	40304	4
40212	1770864	40304	4
40213	1770698	40305	6
40213	1770864	40305	6
40214	1770698	40304	4
40214	1770864	40304	4
40215	1770698	40304	4
40215	1770854	40304	4
40216	1770698	40305	6
40216	1770854	40305	6
40217	1770698	40304	4
40217	1770854	40304	4
40218	1770698	40305	6
40218	1770854	40305	6
40219	1770698	40304	4
40219	1770854	40304	4
40220	1770696	40303	3
40220	1770804	40303	3
40221	1770696	40303	3
40221	1770814	40303	3
40221	1770824	40303	3
40222	1770697	40303	3
40222	1770834	40303	3
40222	1770844	40303	3
40223	1770698	40303	3
40223	1770864	40303	3
40224	1770698	40303	3
40224	1770854	40303	3
40225	1770696	40303	3
40225	1770804	40303	3
40226	1770696	40303	3
40226	1770814	40303	3
40226	1770824	40303	3
40227	1770697	40303	3
40227	1770834	40303	3
40227	1770844	40303	3
40228	1770698	40303	3
40228	1770864	40303	3
40229	1770698	40303	3
40229	1770854	40303	3
40230	1770696	40303	3
40230	1770804	40303	3
40231	1770696	40303	3
40231	1770814	40303	3
40231	1770824	40303	3
40232	1770697	40303	3
40232	1770834	40303	3
40232	1770844	40303	3
40233	1770698	40303	3
40233	1770864	40303	3
40234	1770698	40303	3
40234	1770854	40303	3
40235	1770696	40303	3
40235	1770804	40303	3
40236	1770696	40303	3
40236	1770814	40303	3
40236	1770824	40303	3
40237	1770697	40303	3
40237	1770834	40303	3
40237	1770844	40303	3
40238	1770698	40303	3
40238	1770864	40303	3
40239	1770698	40303	3
40239	1770854	40303	3
40351	1770032	27	400
40352	1770032	27	400
40353	1770032	27	400
40354	1770032	27	400
40476	1770032	27	800
40820	1770720	40895	4
40820	1770720	40896	10
40821	1770720	40895	7
40821	1770720	40896	17
40822	1770720	40895	7
40822	1770720	40896	17
40823	1770720	40895	7
40823	1770720	40896	17
40824	1770720	40895	7
40824	1770720	40896	17
40825	1770720	40895	7
40825	1770720	40896	17
40826	1770720	40895	7
40826	1770720	40896	17
40827	1770720	40895	7
40827	1770720	40896	17
40828	1770720	40895	7
40828	1770720	40896	17
40829	1770720	40895	7
40829	1770720	40896	17
40830	1770720	40895	7
40830	1770720	40896	17
40831	1770720	40895	7
40831	1770720	40896	17
40832	1770720	40895	7
40832	1770720	40896	17
40833	1770720	40895	7
40833	1770720	40896	17
40834	1770720	40895	7
40834	1770720	40896	17
40835	1770720	40895	7
40835	1770720	40896	17
40836	1770720	40895	7
40836	1770720	40896	17
40837	1770720	40895	7
40837	1770720	40896	17
40838	1770720	40895	7
40838	1770720	40896	17
40839	1770720	40895	3
40839	1770720	40896	7
40840	1770721	40895	3
40840	1770721	40896	11
40841	1770721	40895	5
40841	1770721	40896	17
40842	1770721	40895	3
40842	1770721	40896	11
40843	1770721	40895	5
40843	1770721	40896	17
40844	1770721	40895	3
40844	1770721	40896	11
40845	1770721	40895	3
40845	1770721	40896	11
40846	1770721	40895	5
40846	1770721	40896	17
40847	1770721	40895	3
40847	1770721	40896	11
40848	1770721	40895	5
40848	1770721	40896	17
40849	1770721	40895	3
40849	1770721	40896	11
40850	1770721	40895	3
40850	1770721	40896	11
40851	1770721	40895	5
40851	1770721	40896	17
40852	1770721	40895	3
40852	1770721	40896	11
40853	1770721	40895	5
40853	1770721	40896	17
40854	1770721	40895	3
40854	1770721	40896	11
40855	1770721	40895	3
40855	1770721	40896	11
40856	1770721	40895	5
40856	1770721	40896	17
40857	1770721	40895	3
40857	1770721	40896	11
40858	1770721	40895	5
40858	1770721	40896	17
40859	1770721	40895	3
40859	1770721	40896	11
40860	1770721	40895	3
40860	1770721	40896	11
40861	1770721	40895	5
40861	1770721	40896	17
40862	1770721	40895	3
40862	1770721	40896	11
40863	1770721	40895	5
40863	1770721	40896	17
40864	1770721	40895	3
40864	1770721	40896	11
40865	1770721	40895	3
40865	1770721	40896	11
40866	1770721	40895	5
40866	1770721	40896	17
40867	1770721	40895	3
40867	1770721	40896	11
40868	1770721	40895	5
40868	1770721	40896	17
40869	1770721	40895	3
40869	1770721	40896	11
40870	1770721	40895	3
40870	1770721	40896	11
40871	1770721	40895	5
40871	1770721	40896	17
40872	1770721	40895	3
40872	1770721	40896	11
40873	1770721	40895	5
40873	1770721	40896	17
40874	1770721	40895	3
40874	1770721	40896	11
40875	1770722	40895	2
40875	1770722	40896	7
40876	1770722	40895	2
40876	1770722	40896	7
40877	1770722	40895	2
40877	1770722	40896	7
40878	1770722	40895	2
40878	1770722	40896	7
40879	1770722	40895	2
40879	1770722	40896	7
40880	1770722	40895	2
40880	1770722	40896	7
40881	1770722	40895	2
40881	1770722	40896	7
40882	1770722	40895	2
40882	1770722	40896	7
40883	1770722	40895	2
40883	1770722	40896	7
40884	1770722	40895	2
40884	1770722	40896	7
40885	1770722	40895	2
40885	1770722	40896	7
40886	1770722	40895	2
40886	1770722	40896	7
40887	1770722	40895	2
40887	1770722	40896	7
40888	1770722	40895	2
40888	1770722	40896	7
40889	1770722	40895	2
40889	1770722	40896	7
40890	1770722	40895	2
40890	1770722	40896	7
40891	1770722	40895	2
40891	1770722	40896	7
40892	1770722	40895	2
40892	1770722	40896	7
40893	1770722	40895	2
40893	1770722	40896	7
40894	1770722	40895	2
40894	1770722	40896	7
41033	1770728	41053	7
41033	1770799	41053	10
41034	1770728	41053	10
41034	1770819	41053	10
41035	1770728	41053	10
41035	1770799	41053	10
41036	1770728	41053	10
41036	1770809	41053	10
41037	1770728	41053	10
41037	1770839	41053	10
41038	1770728	41053	10
41038	1770829	41053	10
41039	1770728	41053	10
41039	1770799	41053	10
41040	1770728	41053	10
41040	1770839	41053	10
41041	1770728	41053	10
41041	1770859	41053	10
41042	1770728	41053	10
41042	1770849	41053	10
41043	1770728	41053	10
41043	1770849	41053	10
41044	1770728	41053	10
41044	1770859	41053	10
41045	1770728	41053	10
41045	1770859	41053	10
41046	1770728	41053	10
41046	1770819	41053	10
41047	1770728	41053	10
41047	1770849	41053	10
41048	1770728	41053	10
41048	1770799	41053	10
41049	1770728	41053	10
41049	1770839	41053	10
41050	1770728	41053	10
41050	1770859	41053	10
41051	1770728	41053	10
41051	1770809	41053	10
41052	1770728	41053	3
41052	1770799	41053	10
41679	1770733	40090	1
41679	1770733	40109	1
41679	1770733	41699	1
41680	1770733	40091	1
41680	1770733	41699	1
41681	1770733	40092	1
41681	1770733	41699	1
41682	1770733	40093	1
41682	1770733	41699	1
41683	1770733	40094	1
41683	1770733	41699	1
41684	1770733	40095	1
41684	1770733	41699	1
41685	1770733	40096	1
41685	1770733	41699	1
41686	1770733	40097	1
41686	1770733	41699	1
41687	1770733	40098	1
41687	1770733	41699	1
41688	1770733	40099	1
41688	1770733	41699	1
41689	1770733	40100	1
41689	1770733	41699	1
41690	1770733	40101	1
41690	1770733	41699	1
41691	1770733	40102	1
41691	1770733	41699	1
41692	1770733	40103	1
41692	1770733	41699	1
41693	1770733	40104	1
41693	1770733	41699	1
41694	1770733	40105	1
41694	1770733	41699	1
41695	1770733	40106	1
41695	1770733	41699	1
41696	1770733	40107	1
41696	1770733	41699	1
41697	1770733	40108	1
41697	1770733	41699	1
41698	1770733	40090	1
41698	1770733	40109	1
41698	1770733	41699	1
41700	1770733	40476	1
41700	1770733	41699	1
42696	1770764	48	500
42696	1770909	26533	70
42697	1770764	48	500
42697	1770909	26533	70
42698	1770764	48	500
42698	1770909	26533	70
42699	1770764	48	500
42699	1770909	26533	70
42700	1770764	48	500
42700	1770909	26533	70
42701	1770765	48	500
42701	1770910	26533	70
42702	1770765	48	500
42702	1770910	26533	70
42703	1770765	48	500
42703	1770910	26533	70
42704	1770765	48	500
42704	1770910	26533	70
42705	1770764	48	500
42705	1770909	26533	70
42706	1770764	48	500
42706	1770909	26533	70
42707	1770764	48	500
42707	1770909	26533	70
42708	1770765	48	500
42708	1770910	26533	70
42709	1770764	48	500
42709	1770909	26533	70
42710	1770765	48	500
42710	1770910	26533	70
42711	1770764	48	500
42711	1770909	26533	70
42712	1770764	48	500
42712	1770909	26533	70
42713	1770764	48	500
42713	1770909	26533	70
42714	1770765	48	500
42714	1770910	26533	70
42715	1770764	48	500
42715	1770909	26533	70
42716	1770765	48	500
42716	1770910	26533	70
42717	1770764	48	500
42717	1770909	26533	70
42718	1770764	48	245
42718	1770909	26533	35
42719	1770764	48	410
42719	1770909	26533	60
42720	1770764	48	245
42720	1770909	26533	35
42721	1770764	48	410
42721	1770909	26533	60
42722	1770764	48	245
42722	1770909	26533	35
42723	1770764	48	245
42723	1770909	26533	35
42724	1770764	48	410
42724	1770909	26533	60
42725	1770764	48	245
42725	1770909	26533	35
42726	1770764	48	410
42726	1770909	26533	60
42727	1770764	48	245
42727	1770909	26533	35
42728	1770764	48	245
42728	1770909	26533	35
42729	1770764	48	410
42729	1770909	26533	60
42730	1770764	48	245
42730	1770909	26533	35
42731	1770764	48	410
42731	1770909	26533	60
42732	1770764	48	245
42732	1770909	26533	35
42733	1770764	48	245
42733	1770909	26533	35
42734	1770764	48	410
42734	1770909	26533	60
42735	1770764	48	245
42735	1770909	26533	35
42736	1770764	48	410
42736	1770909	26533	60
42737	1770764	48	245
42737	1770909	26533	35
42738	1770764	48	245
42738	1770909	26533	35
42739	1770764	48	410
42739	1770909	26533	60
42740	1770764	48	245
42740	1770909	26533	35
42741	1770764	48	410
42741	1770909	26533	60
42742	1770764	48	245
42742	1770909	26533	35
42743	1770765	48	245
42743	1770910	26533	35
42744	1770765	48	410
42744	1770910	26533	60
42745	1770765	48	245
42745	1770910	26533	35
42746	1770765	48	410
42746	1770910	26533	60
42747	1770765	48	245
42747	1770910	26533	35
42748	1770765	48	245
42748	1770910	26533	35
42749	1770765	48	410
42749	1770910	26533	60
42750	1770765	48	245
42750	1770910	26533	35
42751	1770765	48	410
42751	1770910	26533	60
42752	1770765	48	245
42752	1770910	26533	35
42753	1770764	48	180
42753	1770909	26533	25
42754	1770764	48	180
42754	1770909	26533	25
42755	1770764	48	180
42755	1770909	26533	25
42756	1770765	48	180
42756	1770910	26533	25
42757	1770765	48	180
42757	1770910	26533	25
42758	1770764	48	180
42758	1770909	26533	25
42759	1770764	48	180
42759	1770909	26533	25
42760	1770764	48	180
42760	1770909	26533	25
42761	1770765	48	180
42761	1770910	26533	25
42762	1770765	48	180
42762	1770910	26533	25
42763	1770764	48	180
42763	1770909	26533	25
42764	1770764	48	180
42764	1770909	26533	25
42765	1770764	48	180
42765	1770909	26533	25
42766	1770765	48	180
42766	1770910	26533	25
42767	1770765	48	180
42767	1770910	26533	25
42768	1770764	48	180
42768	1770909	26533	25
42769	1770764	48	180
42769	1770909	26533	25
42770	1770764	48	180
42770	1770909	26533	25
42771	1770765	48	180
42771	1770910	26533	25
42772	1770765	48	180
42772	1770910	26533	25
42773	1770763	43539	10
42774	1770763	43539	10
42775	1770763	43539	10
42776	1770763	43539	10
42777	1770763	43539	10
42778	1770763	43539	10
42779	1770763	43539	10
42780	1770763	43539	10
42781	1770763	43539	10
42782	1770763	43539	10
42783	1770763	43539	10
42784	1770763	43539	10
42785	1770763	43539	10
42786	1770763	43539	10
42787	1770763	43539	10
42788	1770763	43539	10
42789	1770763	43539	10
42790	1770763	43539	10
42791	1770763	43539	10
42792	1770763	43539	10
42793	1770763	43539	10
42794	1770763	43539	10
42795	1770762	43540	5
42796	1770762	43540	5
42797	1770762	43540	5
42798	1770762	43540	5
42799	1770762	43540	5
42800	1770762	43540	5
42801	1770762	43540	5
42802	1770762	43540	5
42803	1770762	43540	5
42804	1770762	43540	5
42805	1770762	43540	5
42806	1770762	43540	5
42807	1770762	43540	5
42808	1770762	43540	5
42809	1770762	43540	5
42810	1770762	43540	5
42811	1770762	43540	5
42812	1770762	43540	5
42813	1770762	43540	5
42814	1770762	43540	5
42815	1770774	43541	2
42816	1770774	43542	4
42817	1770774	43543	2
42818	1770774	43544	4
42819	1770774	43545	2
42820	1770774	43541	2
42821	1770774	43542	4
42822	1770774	43543	2
42823	1770774	43544	4
42824	1770774	43545	2
42825	1770774	43541	2
42826	1770774	43542	4
42827	1770774	43543	2
42828	1770774	43544	4
42829	1770774	43545	2
42830	1770775	43541	2
42831	1770775	43542	4
42832	1770775	43543	2
42833	1770775	43544	4
42834	1770775	43545	2
42835	1770775	43541	2
42836	1770775	43542	4
42837	1770775	43543	2
42838	1770775	43544	4
42839	1770775	43545	2
42840	1770776	43541	2
42841	1770776	43542	4
42842	1770776	43543	2
42843	1770776	43544	4
42844	1770776	43545	2
42845	1770776	43541	2
42846	1770776	43542	4
42847	1770776	43543	2
42848	1770776	43544	4
42849	1770776	43545	2
42850	1770774	43546	1
42851	1770774	43546	1
42852	1770775	43546	1
42853	1770776	43546	1
42854	1770776	43546	1
42855	1770774	43546	1
42856	1770774	43546	1
42857	1770775	43546	1
42858	1770776	43546	1
42859	1770776	43546	1
42860	1770774	43546	1
42861	1770774	43546	1
42862	1770775	43546	1
42863	1770776	43546	1
42864	1770776	43546	1
42865	1770774	43546	1
42866	1770774	43546	1
42867	1770775	43546	1
42868	1770776	43546	1
42869	1770776	43546	1
42947	1770769	48	500
42947	1770769	43548	1
42947	1770978	26533	140
42948	1770769	48	500
42948	1770769	43548	1
42948	1770978	26533	140
42949	1770769	48	500
42949	1770769	43548	1
42949	1770978	26533	140
42950	1770769	48	500
42950	1770769	43548	1
42950	1770978	26533	140
42951	1770769	48	500
42951	1770769	43548	1
42951	1770978	26533	140
42952	1770769	48	500
42952	1770769	43548	1
42952	1770979	26533	140
42953	1770769	48	500
42953	1770769	43548	1
42953	1770979	26533	140
42954	1770769	48	500
42954	1770769	43548	1
42954	1770979	26533	140
42955	1770769	48	500
42955	1770769	43548	1
42955	1770979	26533	140
42956	1770769	48	500
42956	1770769	43548	1
42956	1770978	26533	140
42957	1770769	48	500
42957	1770769	43548	1
42957	1770978	26533	140
42958	1770769	48	500
42958	1770769	43548	1
42958	1770978	26533	140
42959	1770769	48	500
42959	1770769	43548	1
42959	1770979	26533	140
42960	1770769	48	500
42960	1770769	43548	1
42960	1770978	26533	140
42961	1770769	48	500
42961	1770769	43548	1
42961	1770979	26533	140
42962	1770769	48	500
42962	1770769	43548	1
42962	1770978	26533	140
42963	1770769	48	500
42963	1770769	43548	1
42963	1770978	26533	140
42964	1770769	48	500
42964	1770769	43548	1
42964	1770978	26533	140
42965	1770769	48	500
42965	1770769	43548	1
42965	1770979	26533	140
42966	1770769	48	500
42966	1770769	43548	1
42966	1770978	26533	140
42967	1770769	48	500
42967	1770769	43548	1
42967	1770979	26533	140
42968	1770769	48	500
42968	1770769	43548	1
42968	1770978	26533	140
42969	1770767	48	495
42969	1770978	26533	70
42970	1770767	48	825
42970	1770978	26533	120
42971	1770767	48	495
42971	1770978	26533	70
42972	1770767	48	825
42972	1770978	26533	120
42973	1770767	48	495
42973	1770978	26533	70
42974	1770767	48	495
42974	1770978	26533	70
42975	1770767	48	825
42975	1770978	26533	120
42976	1770767	48	495
42976	1770978	26533	70
42977	1770767	48	825
42977	1770978	26533	120
42978	1770767	48	495
42978	1770978	26533	70
42979	1770767	48	495
42979	1770978	26533	70
42980	1770767	48	825
42980	1770978	26533	120
42981	1770767	48	495
42981	1770978	26533	70
42982	1770767	48	825
42982	1770978	26533	120
42983	1770767	48	495
42983	1770978	26533	70
42984	1770767	48	495
42984	1770978	26533	70
42985	1770767	48	825
42985	1770978	26533	120
42986	1770767	48	495
42986	1770978	26533	70
42987	1770767	48	825
42987	1770978	26533	120
42988	1770767	48	495
42988	1770978	26533	70
42989	1770767	48	495
42989	1770978	26533	70
42990	1770767	48	825
42990	1770978	26533	120
42991	1770767	48	495
42991	1770978	26533	70
42992	1770767	48	825
42992	1770978	26533	120
42993	1770767	48	495
42993	1770978	26533	70
42994	1770768	48	495
42994	1770979	26533	70
42995	1770768	48	825
42995	1770979	26533	120
42996	1770768	48	495
42996	1770979	26533	70
42997	1770768	48	825
42997	1770979	26533	120
42998	1770768	48	495
42998	1770979	26533	70
42999	1770768	48	495
42999	1770979	26533	70
43000	1770768	48	825
43000	1770979	26533	120
43001	1770768	48	495
43001	1770979	26533	70
43002	1770768	48	825
43002	1770979	26533	120
43003	1770768	48	495
43003	1770979	26533	70
43004	1770767	48	375
43004	1770978	26533	55
43005	1770767	48	375
43005	1770978	26533	55
43006	1770767	48	375
43006	1770978	26533	55
43007	1770768	48	375
43007	1770979	26533	55
43008	1770768	48	375
43008	1770979	26533	55
43009	1770767	48	375
43009	1770978	26533	55
43010	1770767	48	375
43010	1770978	26533	55
43011	1770767	48	375
43011	1770978	26533	55
43012	1770768	48	375
43012	1770979	26533	55
43013	1770768	48	375
43013	1770979	26533	55
43014	1770767	48	375
43014	1770978	26533	55
43015	1770767	48	375
43015	1770978	26533	55
43016	1770767	48	375
43016	1770978	26533	55
43017	1770768	48	375
43017	1770979	26533	55
43018	1770768	48	375
43018	1770979	26533	55
43019	1770767	48	375
43019	1770978	26533	55
43020	1770767	48	375
43020	1770978	26533	55
43021	1770767	48	375
43021	1770978	26533	55
43022	1770768	48	375
43022	1770979	26533	55
43023	1770768	48	375
43023	1770979	26533	55
43024	1770771	42947	1
43024	1770771	42968	1
43024	1770771	43553	1
43025	1770771	42948	1
43025	1770771	43553	1
43026	1770771	42949	1
43026	1770771	43553	1
43027	1770771	42950	1
43027	1770771	43553	1
43028	1770772	42951	1
43028	1770772	43553	1
43029	1770773	42952	1
43029	1770773	43553	1
43030	1770773	42953	1
43030	1770773	43553	1
43031	1770773	42954	1
43031	1770773	43553	1
43032	1770773	42955	1
43032	1770773	43553	1
43033	1770772	42956	1
43033	1770772	43553	1
43034	1770771	42957	1
43034	1770771	43553	1
43035	1770772	42958	1
43035	1770772	43553	1
43036	1770773	42959	1
43036	1770773	43553	1
43037	1770771	42960	1
43037	1770771	43553	1
43038	1770773	42961	1
43038	1770773	43553	1
43039	1770771	42962	1
43039	1770771	43553	1
43040	1770772	42963	1
43040	1770772	43553	1
43041	1770771	42964	1
43041	1770771	43553	1
43042	1770773	42965	1
43042	1770773	43553	1
43043	1770772	42966	1
43043	1770772	43553	1
43044	1770773	42967	1
43044	1770773	43553	1
43045	1770771	42947	1
43045	1770771	42968	1
43045	1770771	43553	1
43046	1770771	42969	1
43046	1770771	43554	1
43047	1770771	42970	1
43047	1770771	43554	1
43048	1770771	42971	1
43048	1770771	43554	1
43049	1770771	42972	1
43049	1770771	43554	1
43050	1770771	42973	1
43050	1770771	43554	1
43051	1770771	42974	1
43051	1770771	43554	1
43052	1770771	42975	1
43052	1770771	43554	1
43053	1770771	42976	1
43053	1770771	43554	1
43054	1770771	42977	1
43054	1770771	43554	1
43055	1770771	42978	1
43055	1770771	43554	1
43056	1770771	42979	1
43056	1770771	43554	1
43057	1770771	42980	1
43057	1770771	43554	1
43058	1770771	42981	1
43058	1770771	43554	1
43059	1770771	42982	1
43059	1770771	43554	1
43060	1770771	42983	1
43060	1770771	43554	1
43061	1770772	42984	1
43061	1770772	43554	1
43062	1770772	42985	1
43062	1770772	43554	1
43063	1770772	42986	1
43063	1770772	43554	1
43064	1770772	42987	1
43064	1770772	43554	1
43065	1770772	42988	1
43065	1770772	43554	1
43066	1770772	42989	1
43066	1770772	43554	1
43067	1770772	42990	1
43067	1770772	43554	1
43068	1770772	42991	1
43068	1770772	43554	1
43069	1770772	42992	1
43069	1770772	43554	1
43070	1770772	42993	1
43070	1770772	43554	1
43071	1770773	42994	1
43071	1770773	43554	1
43072	1770773	42995	1
43072	1770773	43554	1
43073	1770773	42996	1
43073	1770773	43554	1
43074	1770773	42997	1
43074	1770773	43554	1
43075	1770773	42998	1
43075	1770773	43554	1
43076	1770773	42999	1
43076	1770773	43554	1
43077	1770773	43000	1
43077	1770773	43554	1
43078	1770773	43001	1
43078	1770773	43554	1
43079	1770773	43002	1
43079	1770773	43554	1
43080	1770773	43003	1
43080	1770773	43554	1
43081	1770771	43004	1
43081	1770771	43555	1
43082	1770771	43005	1
43082	1770771	43555	1
43083	1770772	43006	1
43083	1770772	43555	1
43084	1770773	43007	1
43084	1770773	43555	1
43085	1770773	43008	1
43085	1770773	43555	1
43086	1770771	43009	1
43086	1770771	43555	1
43087	1770771	43010	1
43087	1770771	43555	1
43088	1770772	43011	1
43088	1770772	43555	1
43089	1770773	43012	1
43089	1770773	43555	1
43090	1770773	43013	1
43090	1770773	43555	1
43091	1770771	43014	1
43091	1770771	43555	1
43092	1770771	43015	1
43092	1770771	43555	1
43093	1770772	43016	1
43093	1770772	43555	1
43094	1770773	43017	1
43094	1770773	43555	1
43095	1770773	43018	1
43095	1770773	43555	1
43096	1770771	43019	1
43096	1770771	43555	1
43097	1770771	43020	1
43097	1770771	43555	1
43098	1770772	43021	1
43098	1770772	43555	1
43099	1770773	43022	1
43099	1770773	43555	1
43100	1770773	43023	1
43100	1770773	43555	1
43101	1770777	43552	8
43102	1770777	43552	8
43103	1770777	43552	8
43104	1770777	43552	8
43105	1770778	43552	8
43106	1770779	43552	8
43107	1770779	43552	8
43108	1770779	43552	8
43109	1770779	43552	8
43110	1770778	43552	8
43111	1770777	43552	8
43112	1770778	43552	8
43113	1770779	43552	8
43114	1770777	43552	8
43115	1770779	43552	8
43116	1770777	43552	8
43117	1770778	43552	8
43118	1770777	43552	8
43119	1770779	43552	8
43120	1770778	43552	8
43121	1770779	43552	8
43122	1770777	43552	8
43123	1770777	43550	4
43124	1770777	43551	6
43125	1770777	43550	4
43126	1770777	43551	6
43127	1770777	43550	4
43128	1770777	43550	4
43129	1770777	43551	6
43130	1770777	43550	4
43131	1770777	43551	6
43132	1770777	43550	4
43133	1770777	43550	4
43134	1770777	43551	6
43135	1770777	43550	4
43136	1770777	43551	6
43137	1770777	43550	4
43138	1770778	43550	4
43139	1770778	43551	6
43140	1770778	43550	4
43141	1770778	43551	6
43142	1770778	43550	4
43143	1770778	43550	4
43144	1770778	43551	6
43145	1770778	43550	4
43146	1770778	43551	6
43147	1770778	43550	4
43148	1770779	43550	4
43149	1770779	43551	6
43150	1770779	43550	4
43151	1770779	43551	6
43152	1770779	43550	4
43153	1770779	43550	4
43154	1770779	43551	6
43155	1770779	43550	4
43156	1770779	43551	6
43157	1770779	43550	4
43158	1770777	43549	3
43159	1770777	43549	3
43160	1770778	43549	3
43161	1770779	43549	3
43162	1770779	43549	3
43163	1770777	43549	3
43164	1770777	43549	3
43165	1770778	43549	3
43166	1770779	43549	3
43167	1770779	43549	3
43168	1770777	43549	3
43169	1770777	43549	3
43170	1770778	43549	3
43171	1770779	43549	3
43172	1770779	43549	3
43173	1770777	43549	3
43174	1770777	43549	3
43175	1770778	43549	3
43176	1770779	43549	3
43177	1770779	43549	3
43630	1770322	28	600
43630	1770406	28	600
43630	1770475	12995	5
43631	1770614	28	600
43631	1770830	28	600
43632	1770699	28	600
43632	1770756	12995	5
43632	1770833	28	600
43633	1769869	23165	3
43634	1769869	23165	6
43634	1769869	43633	1
43635	1769870	23166	10
43636	1770636	38943	3
43637	1770636	38943	6
43637	1770636	43636	1
43641	1770697	40306	8
43641	1770834	40306	8
43642	1770642	38951	1
43642	1770825	38951	1
43651	1770322	28	600
43651	1770408	28	600
43651	1770475	12995	5
43652	1770614	28	600
43652	1770850	28	600
43653	1770699	28	600
43653	1770756	12995	5
43653	1770853	28	600
43654	1769869	23165	3
43655	1769869	23165	6
43655	1769869	43654	1
43656	1769870	23166	10
43657	1770636	38943	3
43658	1770636	38943	6
43658	1770636	43657	1
43662	1770698	40306	8
43662	1770854	40306	8
43663	1770642	38951	1
43663	1770845	38951	1
44241	1770330	32143	8
44241	1770413	32143	8
44242	1770331	32143	8
44242	1770415	32143	8
44243	1770733	41699	1
44243	1770733	43632	1
44244	1770733	41699	1
44244	1770733	43653	1
44605	1770903	44868	2
44606	1770903	44868	3
44607	1770903	44868	2
44608	1770903	44868	3
44609	1770903	44868	2
44610	1770903	44868	2
44611	1770903	44868	3
44612	1770903	44868	2
44613	1770903	44868	3
44614	1770903	44868	2
44615	1770903	44868	2
44616	1770903	44868	3
44617	1770903	44868	2
44618	1770903	44868	3
44619	1770903	44868	2
44620	1770903	44868	2
44621	1770903	44868	3
44622	1770903	44868	2
44623	1770903	44868	3
44624	1770903	44868	2
44625	1770903	44868	2
44626	1770903	44868	3
44627	1770903	44868	2
44628	1770903	44868	3
44629	1770903	44868	2
44630	1770903	44868	2
44631	1770903	44868	3
44632	1770903	44868	2
44633	1770903	44868	3
44634	1770903	44868	2
44635	1770903	44868	2
44636	1770903	44868	3
44637	1770903	44868	2
44638	1770903	44868	3
44639	1770903	44868	2
44696	1770901	44718	10
44697	1770901	44718	10
44698	1770901	44718	10
44699	1770901	44718	10
44700	1770901	44718	10
44701	1770901	44718	10
44702	1770901	44718	10
44703	1770901	44718	10
44704	1770901	44718	10
44705	1770901	44718	10
44706	1770901	44718	10
44707	1770901	44718	10
44708	1770901	44718	10
44709	1770901	44718	10
44710	1770901	44718	10
44711	1770901	44718	10
44712	1770901	44718	10
44713	1770901	44718	10
44714	1770901	44718	10
44715	1770901	44718	10
44716	1770901	44718	10
44717	1770901	44718	10
44721	1770902	44743	1
44722	1770902	44743	1
44723	1770902	44743	1
44724	1770902	44743	1
44725	1770902	44743	1
44726	1770902	44743	1
44727	1770902	44743	1
44728	1770902	44743	1
44729	1770902	44743	1
44730	1770902	44743	1
44731	1770902	44743	1
44732	1770902	44743	1
44733	1770902	44743	1
44734	1770902	44743	1
44735	1770902	44743	1
44736	1770902	44743	1
44737	1770902	44743	1
44738	1770902	44743	1
44739	1770902	44743	1
44740	1770902	44743	1
44741	1770902	44743	1
44742	1770902	44743	1
44744	1770897	44821	4
44744	1770897	44822	10
44745	1770897	44821	7
44745	1770897	44822	17
44746	1770897	44821	7
44746	1770897	44822	17
44747	1770897	44821	7
44747	1770897	44822	17
44748	1770897	44821	7
44748	1770897	44822	17
44749	1770897	44821	7
44749	1770897	44822	17
44750	1770897	44821	7
44750	1770897	44822	17
44751	1770897	44821	7
44751	1770897	44822	17
44752	1770897	44821	7
44752	1770897	44822	17
44753	1770897	44821	7
44753	1770897	44822	17
44754	1770897	44821	7
44754	1770897	44822	17
44755	1770897	44821	7
44755	1770897	44822	17
44756	1770897	44821	7
44756	1770897	44822	17
44757	1770897	44821	7
44757	1770897	44822	17
44758	1770897	44821	7
44758	1770897	44822	17
44759	1770897	44821	7
44759	1770897	44822	17
44760	1770897	44821	7
44760	1770897	44822	17
44761	1770897	44821	7
44761	1770897	44822	17
44762	1770897	44821	7
44762	1770897	44822	17
44763	1770897	44821	7
44763	1770897	44822	17
44764	1770897	44821	7
44764	1770897	44822	17
44765	1770897	44821	3
44765	1770897	44822	7
44766	1770898	44821	3
44766	1770898	44822	11
44767	1770898	44821	5
44767	1770898	44822	17
44768	1770898	44821	3
44768	1770898	44822	11
44769	1770898	44821	5
44769	1770898	44822	17
44770	1770898	44821	3
44770	1770898	44822	11
44771	1770898	44821	3
44771	1770898	44822	11
44772	1770898	44821	5
44772	1770898	44822	17
44773	1770898	44821	3
44773	1770898	44822	11
44774	1770898	44821	5
44774	1770898	44822	17
44775	1770898	44821	3
44775	1770898	44822	11
44776	1770898	44821	3
44776	1770898	44822	11
44777	1770898	44821	5
44777	1770898	44822	17
44778	1770898	44821	3
44778	1770898	44822	11
44779	1770898	44821	5
44779	1770898	44822	17
44780	1770898	44821	3
44780	1770898	44822	11
44781	1770898	44821	3
44781	1770898	44822	11
44782	1770898	44821	5
44782	1770898	44822	17
44783	1770898	44821	3
44783	1770898	44822	11
44784	1770898	44821	5
44784	1770898	44822	17
44785	1770898	44821	3
44785	1770898	44822	11
44786	1770898	44821	3
44786	1770898	44822	11
44787	1770898	44821	5
44787	1770898	44822	17
44788	1770898	44821	3
44788	1770898	44822	11
44789	1770898	44821	5
44789	1770898	44822	17
44790	1770898	44821	3
44790	1770898	44822	11
44791	1770898	44821	3
44791	1770898	44822	11
44792	1770898	44821	5
44792	1770898	44822	17
44793	1770898	44821	3
44793	1770898	44822	11
44794	1770898	44821	5
44794	1770898	44822	17
44795	1770898	44821	3
44795	1770898	44822	11
44796	1770898	44821	3
44796	1770898	44822	11
44797	1770898	44821	5
44797	1770898	44822	17
44798	1770898	44821	3
44798	1770898	44822	11
44799	1770898	44821	5
44799	1770898	44822	17
44800	1770898	44821	3
44800	1770898	44822	11
44801	1770899	44821	2
44801	1770899	44822	7
44802	1770899	44821	2
44802	1770899	44822	7
44803	1770899	44821	2
44803	1770899	44822	7
44804	1770899	44821	2
44804	1770899	44822	7
44805	1770899	44821	2
44805	1770899	44822	7
44806	1770899	44821	2
44806	1770899	44822	7
44807	1770899	44821	2
44807	1770899	44822	7
44808	1770899	44821	2
44808	1770899	44822	7
44809	1770899	44821	2
44809	1770899	44822	7
44810	1770899	44821	2
44810	1770899	44822	7
44811	1770899	44821	2
44811	1770899	44822	7
44812	1770899	44821	2
44812	1770899	44822	7
44813	1770899	44821	2
44813	1770899	44822	7
44814	1770899	44821	2
44814	1770899	44822	7
44815	1770899	44821	2
44815	1770899	44822	7
44816	1770899	44821	2
44816	1770899	44822	7
44817	1770899	44821	2
44817	1770899	44822	7
44818	1770899	44821	2
44818	1770899	44822	7
44819	1770899	44821	2
44819	1770899	44822	7
44820	1770899	44821	2
44820	1770899	44822	7
46337	1769841	22444	1
46338	1769841	22444	1
46339	1769841	22444	1
46340	1769841	22444	1
46341	1769841	22444	1
46342	1769841	22444	1
46343	1769841	22444	1
46399	1770917	46721	2
46400	1770917	46722	4
46401	1770917	46723	2
46402	1770917	46724	4
46403	1770917	46725	2
46404	1770917	46721	2
46405	1770917	46722	4
46406	1770917	46723	2
46407	1770917	46724	4
46408	1770917	46725	2
46409	1770917	46721	2
46410	1770917	46722	4
46411	1770917	46723	2
46412	1770917	46724	4
46413	1770917	46725	2
46414	1770918	46721	2
46415	1770918	46722	4
46416	1770918	46723	2
46417	1770918	46724	4
46418	1770918	46725	2
46419	1770918	46721	2
46420	1770918	46722	4
46421	1770918	46723	2
46422	1770918	46724	4
46423	1770918	46725	2
46424	1770919	46721	2
46425	1770919	46722	4
46426	1770919	46723	2
46427	1770919	46724	4
46428	1770919	46725	2
46429	1770919	46721	2
46430	1770919	46722	4
46431	1770919	46723	2
46432	1770919	46724	4
46433	1770919	46725	2
46434	1770917	46726	1
46435	1770917	46726	1
46436	1770918	46726	1
46437	1770919	46726	1
46438	1770919	46726	1
46439	1770917	46726	1
46440	1770917	46726	1
46441	1770918	46726	1
46442	1770919	46726	1
46443	1770919	46726	1
46444	1770917	46726	1
46445	1770917	46726	1
46446	1770918	46726	1
46447	1770919	46726	1
46448	1770919	46726	1
46449	1770917	46726	1
46450	1770917	46726	1
46451	1770918	46726	1
46452	1770919	46726	1
46453	1770919	46726	1
46454	1770923	46720	10
46455	1770923	46720	10
46456	1770923	46720	10
46457	1770923	46720	10
46458	1770923	46720	10
46459	1770923	46720	10
46460	1770923	46720	10
46461	1770923	46720	10
46462	1770923	46720	10
46463	1770923	46720	10
46464	1770923	46720	10
46465	1770923	46720	10
46466	1770923	46720	10
46467	1770923	46720	10
46468	1770923	46720	10
46469	1770923	46720	10
46470	1770923	46720	10
46471	1770923	46720	10
46472	1770923	46720	10
46473	1770923	46720	10
46474	1770923	46720	10
46475	1770923	46720	10
46476	1770913	48	500
46476	1770913	46728	1
46477	1770913	48	500
46477	1770913	46728	1
46478	1770913	48	500
46478	1770913	46728	1
46479	1770913	48	500
46479	1770913	46728	1
46480	1770913	48	500
46480	1770913	46728	1
46481	1770913	48	500
46481	1770913	46728	1
46482	1770913	48	500
46482	1770913	46728	1
46483	1770913	48	500
46483	1770913	46728	1
46484	1770913	48	500
46484	1770913	46728	1
46485	1770913	48	500
46485	1770913	46728	1
46486	1770913	48	500
46486	1770913	46728	1
46487	1770913	48	500
46487	1770913	46728	1
46488	1770913	48	500
46488	1770913	46728	1
46489	1770913	48	500
46489	1770913	46728	1
46490	1770913	48	500
46490	1770913	46728	1
46491	1770913	48	500
46491	1770913	46728	1
46492	1770913	48	500
46492	1770913	46728	1
46493	1770913	48	500
46493	1770913	46728	1
46494	1770913	48	500
46494	1770913	46728	1
46495	1770913	48	500
46495	1770913	46728	1
46496	1770913	48	500
46496	1770913	46728	1
46497	1770913	48	500
46497	1770913	46728	1
46498	1770911	48	495
46499	1770911	48	825
46500	1770911	48	495
46501	1770911	48	825
46502	1770911	48	495
46503	1770911	48	495
46504	1770911	48	825
46505	1770911	48	495
46506	1770911	48	825
46507	1770911	48	495
46508	1770911	48	495
46509	1770911	48	825
46510	1770911	48	495
46511	1770911	48	825
46512	1770911	48	495
46513	1770911	48	495
46514	1770911	48	825
46515	1770911	48	495
46516	1770911	48	825
46517	1770911	48	495
46518	1770911	48	495
46519	1770911	48	825
46520	1770911	48	495
46521	1770911	48	825
46522	1770911	48	495
46523	1770912	48	495
46524	1770912	48	825
46525	1770912	48	495
46526	1770912	48	825
46527	1770912	48	495
46528	1770912	48	495
46529	1770912	48	825
46530	1770912	48	495
46531	1770912	48	825
46532	1770912	48	495
46533	1770911	48	375
46534	1770911	48	375
46535	1770911	48	375
46536	1770912	48	375
46537	1770912	48	375
46538	1770911	48	375
46539	1770911	48	375
46540	1770911	48	375
46541	1770912	48	375
46542	1770912	48	375
46543	1770911	48	375
46544	1770911	48	375
46545	1770911	48	375
46546	1770912	48	375
46547	1770912	48	375
46548	1770911	48	375
46549	1770911	48	375
46550	1770911	48	375
46551	1770912	48	375
46552	1770912	48	375
46553	1770914	46476	1
46553	1770914	46497	1
46553	1770914	46729	1
46554	1770914	46477	1
46554	1770914	46729	1
46555	1770914	46478	1
46555	1770914	46729	1
46556	1770914	46479	1
46556	1770914	46729	1
46557	1770915	46480	1
46557	1770915	46729	1
46558	1770916	46481	1
46558	1770916	46729	1
46559	1770916	46482	1
46559	1770916	46729	1
46560	1770916	46483	1
46560	1770916	46729	1
46561	1770916	46484	1
46561	1770916	46729	1
46562	1770915	46485	1
46562	1770915	46729	1
46563	1770914	46486	1
46563	1770914	46729	1
46564	1770915	46487	1
46564	1770915	46729	1
46565	1770916	46488	1
46565	1770916	46729	1
46566	1770914	46489	1
46566	1770914	46729	1
46567	1770916	46490	1
46567	1770916	46729	1
46568	1770914	46491	1
46568	1770914	46729	1
46569	1770915	46492	1
46569	1770915	46729	1
46570	1770914	46493	1
46570	1770914	46729	1
46571	1770916	46494	1
46571	1770916	46729	1
46572	1770915	46495	1
46572	1770915	46729	1
46573	1770916	46496	1
46573	1770916	46729	1
46574	1770914	46476	1
46574	1770914	46497	1
46574	1770914	46729	1
46575	1770914	46498	1
46575	1770914	46730	1
46576	1770914	46499	1
46576	1770914	46730	1
46577	1770914	46500	1
46577	1770914	46730	1
46578	1770914	46501	1
46578	1770914	46730	1
46579	1770914	46502	1
46579	1770914	46730	1
46580	1770914	46503	1
46580	1770914	46730	1
46581	1770914	46504	1
46581	1770914	46730	1
46582	1770914	46505	1
46582	1770914	46730	1
46583	1770914	46506	1
46583	1770914	46730	1
46584	1770914	46507	1
46584	1770914	46730	1
46585	1770914	46508	1
46585	1770914	46730	1
46586	1770914	46509	1
46586	1770914	46730	1
46587	1770914	46510	1
46587	1770914	46730	1
46588	1770914	46511	1
46588	1770914	46730	1
46589	1770914	46512	1
46589	1770914	46730	1
46590	1770915	46513	1
46590	1770915	46730	1
46591	1770915	46514	1
46591	1770915	46730	1
46592	1770915	46515	1
46592	1770915	46730	1
46593	1770915	46516	1
46593	1770915	46730	1
46594	1770915	46517	1
46594	1770915	46730	1
46595	1770915	46518	1
46595	1770915	46730	1
46596	1770915	46519	1
46596	1770915	46730	1
46597	1770915	46520	1
46597	1770915	46730	1
46598	1770915	46521	1
46598	1770915	46730	1
46599	1770915	46522	1
46599	1770915	46730	1
46600	1770916	46523	1
46600	1770916	46730	1
46601	1770916	46524	1
46601	1770916	46730	1
46602	1770916	46525	1
46602	1770916	46730	1
46603	1770916	46526	1
46603	1770916	46730	1
46604	1770916	46527	1
46604	1770916	46730	1
46605	1770916	46528	1
46605	1770916	46730	1
46606	1770916	46529	1
46606	1770916	46730	1
46607	1770916	46530	1
46607	1770916	46730	1
46608	1770916	46531	1
46608	1770916	46730	1
46609	1770916	46532	1
46609	1770916	46730	1
46610	1770914	46533	1
46610	1770914	46731	1
46611	1770914	46534	1
46611	1770914	46731	1
46612	1770915	46535	1
46612	1770915	46731	1
46613	1770916	46536	1
46613	1770916	46731	1
46614	1770916	46537	1
46614	1770916	46731	1
46615	1770914	46538	1
46615	1770914	46731	1
46616	1770914	46539	1
46616	1770914	46731	1
46617	1770915	46540	1
46617	1770915	46731	1
46618	1770916	46541	1
46618	1770916	46731	1
46619	1770916	46542	1
46619	1770916	46731	1
46620	1770914	46543	1
46620	1770914	46731	1
46621	1770914	46544	1
46621	1770914	46731	1
46622	1770915	46545	1
46622	1770915	46731	1
46623	1770916	46546	1
46623	1770916	46731	1
46624	1770916	46547	1
46624	1770916	46731	1
46625	1770914	46548	1
46625	1770914	46731	1
46626	1770914	46549	1
46626	1770914	46731	1
46627	1770915	46550	1
46627	1770915	46731	1
46628	1770916	46551	1
46628	1770916	46731	1
46629	1770916	46552	1
46629	1770916	46731	1
46630	1770920	46735	8
46631	1770920	46735	8
46632	1770920	46735	8
46633	1770920	46735	8
46634	1770921	46735	8
46635	1770922	46735	8
46636	1770922	46735	8
46637	1770922	46735	8
46638	1770922	46735	8
46639	1770921	46735	8
46640	1770920	46735	8
46641	1770921	46735	8
46642	1770922	46735	8
46643	1770920	46735	8
46644	1770922	46735	8
46645	1770920	46735	8
46646	1770921	46735	8
46647	1770920	46735	8
46648	1770922	46735	8
46649	1770921	46735	8
46650	1770922	46735	8
46651	1770920	46735	8
46652	1770920	46733	4
46653	1770920	46734	6
46654	1770920	46733	4
46655	1770920	46734	6
46656	1770920	46733	4
46657	1770920	46733	4
46658	1770920	46734	6
46659	1770920	46733	4
46660	1770920	46734	6
46661	1770920	46733	4
46662	1770920	46733	4
46663	1770920	46734	6
46664	1770920	46733	4
46665	1770920	46734	6
46666	1770920	46733	4
46667	1770921	46733	4
46668	1770921	46734	6
46669	1770921	46733	4
46670	1770921	46734	6
46671	1770921	46733	4
46672	1770921	46733	4
46673	1770921	46734	6
46674	1770921	46733	4
46675	1770921	46734	6
46676	1770921	46733	4
46677	1770922	46733	4
46678	1770922	46734	6
46679	1770922	46733	4
46680	1770922	46734	6
46681	1770922	46733	4
46682	1770922	46733	4
46683	1770922	46734	6
46684	1770922	46733	4
46685	1770922	46734	6
46686	1770922	46733	4
46687	1770920	46732	3
46688	1770920	46732	3
46689	1770921	46732	3
46690	1770922	46732	3
46691	1770922	46732	3
46692	1770920	46732	3
46693	1770920	46732	3
46694	1770921	46732	3
46695	1770922	46732	3
46696	1770922	46732	3
46697	1770920	46732	3
46698	1770920	46732	3
46699	1770921	46732	3
46700	1770922	46732	3
46701	1770922	46732	3
46702	1770920	46732	3
46703	1770920	46732	3
46704	1770921	46732	3
46705	1770922	46732	3
46706	1770922	46732	3
46895	1770961	46974	4
46895	1770961	46976	10
46896	1770961	46974	7
46896	1770961	46976	17
46897	1770961	46974	7
46897	1770961	46976	17
46898	1770961	46974	7
46898	1770961	46976	17
46899	1770961	46974	7
46899	1770961	46976	17
46900	1770961	46974	7
46900	1770961	46976	17
46901	1770961	46974	7
46901	1770961	46976	17
46902	1770961	46974	7
46902	1770961	46976	17
46903	1770961	46974	7
46903	1770961	46976	17
46904	1770961	46974	7
46904	1770961	46976	17
46905	1770961	46974	7
46905	1770961	46976	17
46906	1770961	46974	7
46906	1770961	46976	17
46907	1770961	46974	7
46907	1770961	46976	17
46908	1770961	46974	7
46908	1770961	46976	17
46909	1770961	46974	7
46909	1770961	46976	17
46910	1770961	46974	7
46910	1770961	46976	17
46911	1770961	46974	7
46911	1770961	46976	17
46912	1770961	46974	7
46912	1770961	46976	17
46913	1770961	46974	7
46913	1770961	46976	17
46914	1770961	46974	7
46914	1770961	46976	17
46915	1770961	46974	7
46915	1770961	46976	17
46916	1770961	46974	3
46916	1770961	46976	7
46917	1770962	46974	3
46917	1770962	46976	11
46918	1770962	46974	5
46918	1770962	46976	17
46919	1770962	46974	3
46919	1770962	46976	11
46920	1770962	46974	5
46920	1770962	46976	17
46921	1770962	46974	3
46921	1770962	46976	11
46922	1770962	46974	3
46922	1770962	46976	11
46923	1770962	46974	5
46923	1770962	46976	17
46924	1770962	46974	3
46924	1770962	46976	11
46925	1770962	46974	5
46925	1770962	46976	17
46926	1770962	46974	3
46926	1770962	46976	11
46927	1770962	46974	3
46927	1770962	46976	11
46928	1770962	46974	5
46928	1770962	46976	17
46929	1770962	46974	3
46929	1770962	46976	11
46930	1770962	46974	5
46930	1770962	46976	17
46931	1770962	46974	3
46931	1770962	46976	11
46932	1770962	46974	3
46932	1770962	46976	11
46933	1770962	46974	5
46933	1770962	46976	17
46934	1770962	46974	3
46934	1770962	46976	11
46935	1770962	46974	5
46935	1770962	46976	17
46936	1770962	46974	3
46936	1770962	46976	11
46937	1770962	46974	3
46937	1770962	46976	11
46938	1770962	46974	5
46938	1770962	46976	17
46939	1770962	46974	3
46939	1770962	46976	11
46940	1770962	46974	5
46940	1770962	46976	17
46941	1770962	46974	3
46941	1770962	46976	11
46942	1770962	46974	3
46942	1770962	46976	11
46943	1770962	46974	5
46943	1770962	46976	17
46944	1770962	46974	3
46944	1770962	46976	11
46945	1770962	46974	5
46945	1770962	46976	17
46946	1770962	46974	3
46946	1770962	46976	11
46947	1770962	46974	3
46947	1770962	46976	11
46948	1770962	46974	5
46948	1770962	46976	17
46949	1770962	46974	3
46949	1770962	46976	11
46950	1770962	46974	5
46950	1770962	46976	17
46951	1770962	46974	3
46951	1770962	46976	11
46952	1770963	46974	2
46952	1770963	46976	7
46953	1770963	46974	2
46953	1770963	46976	7
46954	1770963	46974	2
46954	1770963	46976	7
46955	1770963	46974	2
46955	1770963	46976	7
46956	1770963	46974	2
46956	1770963	46976	7
46957	1770963	46974	2
46957	1770963	46976	7
46958	1770963	46974	2
46958	1770963	46976	7
46959	1770963	46974	2
46959	1770963	46976	7
46960	1770963	46974	2
46960	1770963	46976	7
46961	1770963	46974	2
46961	1770963	46976	7
46962	1770963	46974	2
46962	1770963	46976	7
46963	1770963	46974	2
46963	1770963	46976	7
46964	1770963	46974	2
46964	1770963	46976	7
46965	1770963	46974	2
46965	1770963	46976	7
46966	1770963	46974	2
46966	1770963	46976	7
46967	1770963	46974	2
46967	1770963	46976	7
46968	1770963	46974	2
46968	1770963	46976	7
46969	1770963	46974	2
46969	1770963	46976	7
46970	1770963	46974	2
46970	1770963	46976	7
46971	1770963	46974	2
46971	1770963	46976	7
46984	1770965	46982	10
46985	1770965	46982	10
46986	1770965	46982	10
46987	1770965	46982	10
46988	1770965	46982	10
46989	1770965	46982	10
46990	1770965	46982	10
46991	1770965	46982	10
46992	1770965	46982	10
46993	1770965	46982	10
46994	1770965	46982	10
46995	1770965	46982	10
46996	1770965	46982	10
46997	1770965	46982	10
46998	1770965	46982	10
46999	1770965	46982	10
47000	1770965	46982	10
47001	1770965	46982	10
47002	1770965	46982	10
47003	1770965	46982	10
47004	1770965	46982	10
47005	1770965	46982	10
47006	1770967	46850	3
47006	1770967	47869	1
47006	1770967	47890	1
47007	1770967	46850	3
47007	1770967	47870	1
47008	1770967	46850	3
47008	1770967	47871	1
47009	1770967	46850	3
47009	1770967	47872	1
47010	1770967	46850	3
47010	1770967	47873	1
47011	1770967	46850	3
47011	1770967	47874	1
47012	1770967	46850	3
47012	1770967	47875	1
47013	1770967	46850	3
47013	1770967	47876	1
47014	1770967	46850	3
47014	1770967	47877	1
47015	1770967	46850	3
47015	1770967	47878	1
47016	1770967	46850	3
47016	1770967	47879	1
47017	1770967	46850	3
47017	1770967	47880	1
47018	1770967	46850	3
47018	1770967	47881	1
47019	1770967	46850	3
47019	1770967	47882	1
47020	1770967	46850	3
47020	1770967	47883	1
47021	1770967	46850	3
47021	1770967	47884	1
47022	1770967	46850	3
47022	1770967	47885	1
47023	1770967	46850	3
47023	1770967	47886	1
47024	1770967	46850	3
47024	1770967	47887	1
47025	1770967	46850	3
47025	1770967	47888	1
47026	1770967	46850	3
47026	1770967	47889	1
47027	1770967	46850	3
47027	1770967	47869	1
47027	1770967	47890	1
47028	1770970	47098	3
47029	1770970	47098	3
47030	1770970	47098	3
47031	1770970	47098	3
47032	1770970	47098	3
47033	1770970	47098	3
47034	1770970	47098	3
47035	1770970	47098	3
47036	1770970	47098	3
47037	1770970	47098	3
47038	1770970	47098	3
47039	1770970	47098	3
47040	1770970	47098	3
47041	1770970	47098	3
47042	1770970	47098	3
47043	1770970	47098	3
47044	1770970	47098	3
47045	1770970	47098	3
47046	1770970	47098	3
47047	1770970	47098	3
47048	1770970	47098	3
47049	1770970	47098	3
47050	1770970	47028	1
47050	1770970	47049	1
47050	1770970	47098	6
47051	1770970	47029	1
47051	1770970	47098	6
47052	1770970	47030	1
47052	1770970	47098	6
47053	1770970	47031	1
47053	1770970	47098	6
47054	1770970	47032	1
47054	1770970	47098	6
47055	1770970	47033	1
47055	1770970	47098	6
47056	1770970	47034	1
47056	1770970	47098	6
47057	1770970	47035	1
47057	1770970	47098	6
47058	1770970	47036	1
47058	1770970	47098	6
47059	1770970	47037	1
47059	1770970	47098	6
47060	1770970	47038	1
47060	1770970	47098	6
47061	1770970	47039	1
47061	1770970	47098	6
47062	1770970	47040	1
47062	1770970	47098	6
47063	1770970	47041	1
47063	1770970	47098	6
47064	1770970	47042	1
47064	1770970	47098	6
47065	1770970	47043	1
47065	1770970	47098	6
47066	1770970	47044	1
47066	1770970	47098	6
47067	1770970	47045	1
47067	1770970	47098	6
47068	1770970	47046	1
47068	1770970	47098	6
47069	1770970	47047	1
47069	1770970	47098	6
47070	1770970	47048	1
47070	1770970	47098	6
47071	1770970	47028	1
47071	1770970	47049	1
47071	1770970	47098	6
47312	1770973	47072	1
47312	1770973	47093	1
47312	1770973	47101	5
47313	1770973	47073	1
47313	1770973	47101	5
47314	1770973	47074	1
47314	1770973	47101	5
47315	1770973	47075	1
47315	1770973	47101	5
47316	1770973	47076	1
47316	1770973	47101	5
47317	1770973	47077	1
47317	1770973	47101	5
47318	1770973	47078	1
47318	1770973	47101	5
47319	1770973	47079	1
47319	1770973	47101	5
47320	1770973	47080	1
47320	1770973	47101	5
47321	1770973	47081	1
47321	1770973	47101	5
47322	1770973	47082	1
47322	1770973	47101	5
47323	1770973	47083	1
47323	1770973	47101	5
47324	1770973	47084	1
47324	1770973	47101	5
47325	1770973	47085	1
47325	1770973	47101	5
47326	1770973	47086	1
47326	1770973	47101	5
47327	1770973	47087	1
47327	1770973	47101	5
47328	1770973	47088	1
47328	1770973	47101	5
47329	1770973	47089	1
47329	1770973	47101	5
47330	1770973	47090	1
47330	1770973	47101	5
47331	1770973	47091	1
47331	1770973	47101	5
47332	1770973	47092	1
47332	1770973	47101	5
47333	1770973	47072	1
47333	1770973	47093	1
47333	1770973	47101	5
47758	1770927	45043	4000
47759	1770927	45043	4000
47760	1770927	45043	4000
47761	1770927	45043	4000
47762	1770927	45043	4000
47763	1770933	47758	1
47763	1770933	47864	3
47763	1770933	47865	3
47764	1770933	47759	1
47764	1770933	47864	3
47764	1770933	47865	3
47765	1770933	47760	1
47765	1770933	47864	3
47765	1770933	47865	3
47766	1770933	47761	1
47766	1770933	47864	3
47766	1770933	47865	3
47767	1770933	47762	1
47767	1770933	47864	3
47767	1770933	47865	3
47768	1770934	47763	1
47768	1770934	47866	3
47768	1770934	47867	6
47769	1770934	47764	1
47769	1770934	47866	3
47769	1770934	47867	6
47770	1770934	47765	1
47770	1770934	47866	3
47770	1770934	47867	6
47771	1770934	47766	1
47771	1770934	47866	3
47771	1770934	47867	6
47772	1770934	47767	1
47772	1770934	47866	3
47772	1770934	47867	6
47773	1770927	45043	4000
47774	1770927	45043	4000
47775	1770927	45043	4000
47776	1770927	45043	4000
47777	1770927	45043	4000
47778	1770933	47773	1
47778	1770933	47864	3
47778	1770933	47865	3
47779	1770933	47774	1
47779	1770933	47864	3
47779	1770933	47865	3
47780	1770933	47775	1
47780	1770933	47864	3
47780	1770933	47865	3
47781	1770933	47776	1
47781	1770933	47864	3
47781	1770933	47865	3
47782	1770933	47777	1
47782	1770933	47864	3
47782	1770933	47865	3
47783	1770934	47778	1
47783	1770934	47866	3
47783	1770934	47867	6
47784	1770934	47779	1
47784	1770934	47866	3
47784	1770934	47867	6
47785	1770934	47780	1
47785	1770934	47866	3
47785	1770934	47867	6
47786	1770934	47781	1
47786	1770934	47866	3
47786	1770934	47867	6
47787	1770934	47782	1
47787	1770934	47866	3
47787	1770934	47867	6
47788	1770927	45043	4000
47789	1770927	45043	4000
47790	1770927	45043	4000
47791	1770927	45043	4000
47792	1770927	45043	4000
47793	1770933	47788	1
47793	1770933	47864	3
47793	1770933	47865	3
47794	1770933	47789	1
47794	1770933	47864	3
47794	1770933	47865	3
47795	1770933	47790	1
47795	1770933	47864	3
47795	1770933	47865	3
47796	1770933	47791	1
47796	1770933	47864	3
47796	1770933	47865	3
47797	1770933	47792	1
47797	1770933	47864	3
47797	1770933	47865	3
47798	1770934	47793	1
47798	1770934	47866	3
47798	1770934	47867	6
47799	1770934	47794	1
47799	1770934	47866	3
47799	1770934	47867	6
47800	1770934	47795	1
47800	1770934	47866	3
47800	1770934	47867	6
47801	1770934	47796	1
47801	1770934	47866	3
47801	1770934	47867	6
47802	1770934	47797	1
47802	1770934	47866	3
47802	1770934	47867	6
47803	1770927	45043	4000
47804	1770927	45043	4000
47805	1770927	45043	4000
47806	1770927	45043	4000
47807	1770927	45043	4000
47808	1770933	47803	1
47808	1770933	47864	3
47808	1770933	47865	3
47809	1770933	47804	1
47809	1770933	47864	3
47809	1770933	47865	3
47810	1770933	47805	1
47810	1770933	47864	3
47810	1770933	47865	3
47811	1770933	47806	1
47811	1770933	47864	3
47811	1770933	47865	3
47812	1770933	47807	1
47812	1770933	47864	3
47812	1770933	47865	3
47813	1770934	47808	1
47813	1770934	47866	3
47813	1770934	47867	6
47814	1770934	47809	1
47814	1770934	47866	3
47814	1770934	47867	6
47815	1770934	47810	1
47815	1770934	47866	3
47815	1770934	47867	6
47816	1770934	47811	1
47816	1770934	47866	3
47816	1770934	47867	6
47817	1770934	47812	1
47817	1770934	47866	3
47817	1770934	47867	6
47818	1770927	45043	4000
47819	1770927	45043	4000
47820	1770927	45043	4000
47821	1770927	45043	4000
47822	1770927	45043	4000
47823	1770933	47818	1
47823	1770933	47864	3
47823	1770933	47865	3
47824	1770933	47819	1
47824	1770933	47864	3
47824	1770933	47865	3
47825	1770933	47820	1
47825	1770933	47864	3
47825	1770933	47865	3
47826	1770933	47821	1
47826	1770933	47864	3
47826	1770933	47865	3
47827	1770933	47822	1
47827	1770933	47864	3
47827	1770933	47865	3
47828	1770934	47823	1
47828	1770934	47866	3
47828	1770934	47867	6
47829	1770934	47824	1
47829	1770934	47866	3
47829	1770934	47867	6
47830	1770934	47825	1
47830	1770934	47866	3
47830	1770934	47867	6
47831	1770934	47826	1
47831	1770934	47866	3
47831	1770934	47867	6
47832	1770934	47827	1
47832	1770934	47866	3
47832	1770934	47867	6
47833	1770927	45043	4000
47834	1770927	45043	4000
47835	1770927	45043	4000
47836	1770927	45043	4000
47837	1770927	45043	4000
47838	1770933	47833	1
47838	1770933	47864	3
47838	1770933	47865	3
47839	1770933	47834	1
47839	1770933	47864	3
47839	1770933	47865	3
47840	1770933	47835	1
47840	1770933	47864	3
47840	1770933	47865	3
47841	1770933	47836	1
47841	1770933	47864	3
47841	1770933	47865	3
47842	1770933	47837	1
47842	1770933	47864	3
47842	1770933	47865	3
47843	1770934	47838	1
47843	1770934	47866	3
47843	1770934	47867	6
47844	1770934	47839	1
47844	1770934	47866	3
47844	1770934	47867	6
47845	1770934	47840	1
47845	1770934	47866	3
47845	1770934	47867	6
47846	1770934	47841	1
47846	1770934	47866	3
47846	1770934	47867	6
47847	1770934	47842	1
47847	1770934	47866	3
47847	1770934	47867	6
47848	1770927	45043	4000
47849	1770927	45043	4000
47850	1770927	45043	4000
47851	1770927	45043	4000
47852	1770927	45043	4000
47853	1770933	47848	1
47853	1770933	47864	3
47853	1770933	47865	3
47854	1770933	47849	1
47854	1770933	47864	3
47854	1770933	47865	3
47855	1770933	47850	1
47855	1770933	47864	3
47855	1770933	47865	3
47856	1770933	47851	1
47856	1770933	47864	3
47856	1770933	47865	3
47857	1770933	47852	1
47857	1770933	47864	3
47857	1770933	47865	3
47858	1770934	47853	1
47858	1770934	47866	3
47858	1770934	47867	6
47859	1770934	47854	1
47859	1770934	47866	3
47859	1770934	47867	6
47860	1770934	47855	1
47860	1770934	47866	3
47860	1770934	47867	6
47861	1770934	47856	1
47861	1770934	47866	3
47861	1770934	47867	6
47862	1770934	47857	1
47862	1770934	47866	3
47862	1770934	47867	6
47869	1770926	47750	3
47870	1770926	47750	3
47871	1770926	47750	3
47872	1770926	47750	3
47873	1770926	47750	3
47874	1770926	47750	3
47875	1770926	47750	3
47876	1770926	47750	3
47877	1770926	47750	3
47878	1770926	47750	3
47879	1770926	47750	3
47880	1770926	47750	3
47881	1770926	47750	3
47882	1770926	47750	3
47883	1770926	47750	3
47884	1770926	47750	3
47885	1770926	47750	3
47886	1770926	47750	3
47887	1770926	47750	3
47888	1770926	47750	3
47889	1770926	47750	3
47890	1770926	47750	3
49365	1769842	22443	1
49366	1769842	22443	1
49367	1769842	22443	1
49368	1769842	22443	1
49369	1769842	22443	1
49370	1769842	22443	1
49371	1769842	22443	1
49427	1770986	49749	2
49428	1770986	49750	4
49429	1770986	49751	2
49430	1770986	49752	4
49431	1770986	49753	2
49432	1770986	49749	2
49433	1770986	49750	4
49434	1770986	49751	2
49435	1770986	49752	4
49436	1770986	49753	2
49437	1770986	49749	2
49438	1770986	49750	4
49439	1770986	49751	2
49440	1770986	49752	4
49441	1770986	49753	2
49442	1770987	49749	2
49443	1770987	49750	4
49444	1770987	49751	2
49445	1770987	49752	4
49446	1770987	49753	2
49447	1770987	49749	2
49448	1770987	49750	4
49449	1770987	49751	2
49450	1770987	49752	4
49451	1770987	49753	2
49452	1770988	49749	2
49453	1770988	49750	4
49454	1770988	49751	2
49455	1770988	49752	4
49456	1770988	49753	2
49457	1770988	49749	2
49458	1770988	49750	4
49459	1770988	49751	2
49460	1770988	49752	4
49461	1770988	49753	2
49462	1770986	49754	1
49463	1770986	49754	1
49464	1770987	49754	1
49465	1770988	49754	1
49466	1770988	49754	1
49467	1770986	49754	1
49468	1770986	49754	1
49469	1770987	49754	1
49470	1770988	49754	1
49471	1770988	49754	1
49472	1770986	49754	1
49473	1770986	49754	1
49474	1770987	49754	1
49475	1770988	49754	1
49476	1770988	49754	1
49477	1770986	49754	1
49478	1770986	49754	1
49479	1770987	49754	1
49480	1770988	49754	1
49481	1770988	49754	1
49482	1770992	49748	10
49483	1770992	49748	10
49484	1770992	49748	10
49485	1770992	49748	10
49486	1770992	49748	10
49487	1770992	49748	10
49488	1770992	49748	10
49489	1770992	49748	10
49490	1770992	49748	10
49491	1770992	49748	10
49492	1770992	49748	10
49493	1770992	49748	10
49494	1770992	49748	10
49495	1770992	49748	10
49496	1770992	49748	10
49497	1770992	49748	10
49498	1770992	49748	10
49499	1770992	49748	10
49500	1770992	49748	10
49501	1770992	49748	10
49502	1770992	49748	10
49503	1770992	49748	10
49504	1770982	49	500
49504	1770982	49756	1
49505	1770982	49	500
49505	1770982	49756	1
49506	1770982	49	500
49506	1770982	49756	1
49507	1770982	49	500
49507	1770982	49756	1
49508	1770982	49	500
49508	1770982	49756	1
49509	1770982	49	500
49509	1770982	49756	1
49510	1770982	49	500
49510	1770982	49756	1
49511	1770982	49	500
49511	1770982	49756	1
49512	1770982	49	500
49512	1770982	49756	1
49513	1770982	49	500
49513	1770982	49756	1
49514	1770982	49	500
49514	1770982	49756	1
49515	1770982	49	500
49515	1770982	49756	1
49516	1770982	49	500
49516	1770982	49756	1
49517	1770982	49	500
49517	1770982	49756	1
49518	1770982	49	500
49518	1770982	49756	1
49519	1770982	49	500
49519	1770982	49756	1
49520	1770982	49	500
49520	1770982	49756	1
49521	1770982	49	500
49521	1770982	49756	1
49522	1770982	49	500
49522	1770982	49756	1
49523	1770982	49	500
49523	1770982	49756	1
49524	1770982	49	500
49524	1770982	49756	1
49525	1770982	49	500
49525	1770982	49756	1
49526	1770980	49	495
49527	1770980	49	825
49528	1770980	49	495
49529	1770980	49	825
49530	1770980	49	495
49531	1770980	49	495
49532	1770980	49	825
49533	1770980	49	495
49534	1770980	49	825
49535	1770980	49	495
49536	1770980	49	495
49537	1770980	49	825
49538	1770980	49	495
49539	1770980	49	825
49540	1770980	49	495
49541	1770980	49	495
49542	1770980	49	825
49543	1770980	49	495
49544	1770980	49	825
49545	1770980	49	495
49546	1770980	49	495
49547	1770980	49	825
49548	1770980	49	495
49549	1770980	49	825
49550	1770980	49	495
49551	1770981	49	495
49552	1770981	49	825
49553	1770981	49	495
49554	1770981	49	825
49555	1770981	49	495
49556	1770981	49	495
49557	1770981	49	825
49558	1770981	49	495
49559	1770981	49	825
49560	1770981	49	495
49561	1770980	49	375
49562	1770980	49	375
49563	1770980	49	375
49564	1770981	49	375
49565	1770981	49	375
49566	1770980	49	375
49567	1770980	49	375
49568	1770980	49	375
49569	1770981	49	375
49570	1770981	49	375
49571	1770980	49	375
49572	1770980	49	375
49573	1770980	49	375
49574	1770981	49	375
49575	1770981	49	375
49576	1770980	49	375
49577	1770980	49	375
49578	1770980	49	375
49579	1770981	49	375
49580	1770981	49	375
49581	1770983	49504	1
49581	1770983	49525	1
49581	1770983	49757	1
49582	1770983	49505	1
49582	1770983	49757	1
49583	1770983	49506	1
49583	1770983	49757	1
49584	1770983	49507	1
49584	1770983	49757	1
49585	1770984	49508	1
49585	1770984	49757	1
49586	1770985	49509	1
49586	1770985	49757	1
49587	1770985	49510	1
49587	1770985	49757	1
49588	1770985	49511	1
49588	1770985	49757	1
49589	1770985	49512	1
49589	1770985	49757	1
49590	1770984	49513	1
49590	1770984	49757	1
49591	1770983	49514	1
49591	1770983	49757	1
49592	1770984	49515	1
49592	1770984	49757	1
49593	1770985	49516	1
49593	1770985	49757	1
49594	1770983	49517	1
49594	1770983	49757	1
49595	1770985	49518	1
49595	1770985	49757	1
49596	1770983	49519	1
49596	1770983	49757	1
49597	1770984	49520	1
49597	1770984	49757	1
49598	1770983	49521	1
49598	1770983	49757	1
49599	1770985	49522	1
49599	1770985	49757	1
49600	1770984	49523	1
49600	1770984	49757	1
49601	1770985	49524	1
49601	1770985	49757	1
49602	1770983	49504	1
49602	1770983	49525	1
49602	1770983	49757	1
49603	1770983	49526	1
49603	1770983	49758	1
49604	1770983	49527	1
49604	1770983	49758	1
49605	1770983	49528	1
49605	1770983	49758	1
49606	1770983	49529	1
49606	1770983	49758	1
49607	1770983	49530	1
49607	1770983	49758	1
49608	1770983	49531	1
49608	1770983	49758	1
49609	1770983	49532	1
49609	1770983	49758	1
49610	1770983	49533	1
49610	1770983	49758	1
49611	1770983	49534	1
49611	1770983	49758	1
49612	1770983	49535	1
49612	1770983	49758	1
49613	1770983	49536	1
49613	1770983	49758	1
49614	1770983	49537	1
49614	1770983	49758	1
49615	1770983	49538	1
49615	1770983	49758	1
49616	1770983	49539	1
49616	1770983	49758	1
49617	1770983	49540	1
49617	1770983	49758	1
49618	1770984	49541	1
49618	1770984	49758	1
49619	1770984	49542	1
49619	1770984	49758	1
49620	1770984	49543	1
49620	1770984	49758	1
49621	1770984	49544	1
49621	1770984	49758	1
49622	1770984	49545	1
49622	1770984	49758	1
49623	1770984	49546	1
49623	1770984	49758	1
49624	1770984	49547	1
49624	1770984	49758	1
49625	1770984	49548	1
49625	1770984	49758	1
49626	1770984	49549	1
49626	1770984	49758	1
49627	1770984	49550	1
49627	1770984	49758	1
49628	1770985	49551	1
49628	1770985	49758	1
49629	1770985	49552	1
49629	1770985	49758	1
49630	1770985	49553	1
49630	1770985	49758	1
49631	1770985	49554	1
49631	1770985	49758	1
49632	1770985	49555	1
49632	1770985	49758	1
49633	1770985	49556	1
49633	1770985	49758	1
49634	1770985	49557	1
49634	1770985	49758	1
49635	1770985	49558	1
49635	1770985	49758	1
49636	1770985	49559	1
49636	1770985	49758	1
49637	1770985	49560	1
49637	1770985	49758	1
49638	1770983	49561	1
49638	1770983	49759	1
49639	1770983	49562	1
49639	1770983	49759	1
49640	1770984	49563	1
49640	1770984	49759	1
49641	1770985	49564	1
49641	1770985	49759	1
49642	1770985	49565	1
49642	1770985	49759	1
49643	1770983	49566	1
49643	1770983	49759	1
49644	1770983	49567	1
49644	1770983	49759	1
49645	1770984	49568	1
49645	1770984	49759	1
49646	1770985	49569	1
49646	1770985	49759	1
49647	1770985	49570	1
49647	1770985	49759	1
49648	1770983	49571	1
49648	1770983	49759	1
49649	1770983	49572	1
49649	1770983	49759	1
49650	1770984	49573	1
49650	1770984	49759	1
49651	1770985	49574	1
49651	1770985	49759	1
49652	1770985	49575	1
49652	1770985	49759	1
49653	1770983	49576	1
49653	1770983	49759	1
49654	1770983	49577	1
49654	1770983	49759	1
49655	1770984	49578	1
49655	1770984	49759	1
49656	1770985	49579	1
49656	1770985	49759	1
49657	1770985	49580	1
49657	1770985	49759	1
49658	1770989	49763	8
49659	1770989	49763	8
49660	1770989	49763	8
49661	1770989	49763	8
49662	1770990	49763	8
49663	1770991	49763	8
49664	1770991	49763	8
49665	1770991	49763	8
49666	1770991	49763	8
49667	1770990	49763	8
49668	1770989	49763	8
49669	1770990	49763	8
49670	1770991	49763	8
49671	1770989	49763	8
49672	1770991	49763	8
49673	1770989	49763	8
49674	1770990	49763	8
49675	1770989	49763	8
49676	1770991	49763	8
49677	1770990	49763	8
49678	1770991	49763	8
49679	1770989	49763	8
49680	1770989	49761	4
49681	1770989	49762	6
49682	1770989	49761	4
49683	1770989	49762	6
49684	1770989	49761	4
49685	1770989	49761	4
49686	1770989	49762	6
49687	1770989	49761	4
49688	1770989	49762	6
49689	1770989	49761	4
49690	1770989	49761	4
49691	1770989	49762	6
49692	1770989	49761	4
49693	1770989	49762	6
49694	1770989	49761	4
49695	1770990	49761	4
49696	1770990	49762	6
49697	1770990	49761	4
49698	1770990	49762	6
49699	1770990	49761	4
49700	1770990	49761	4
49701	1770990	49762	6
49702	1770990	49761	4
49703	1770990	49762	6
49704	1770990	49761	4
49705	1770991	49761	4
49706	1770991	49762	6
49707	1770991	49761	4
49708	1770991	49762	6
49709	1770991	49761	4
49710	1770991	49761	4
49711	1770991	49762	6
49712	1770991	49761	4
49713	1770991	49762	6
49714	1770991	49761	4
49715	1770989	49760	3
49716	1770989	49760	3
49717	1770990	49760	3
49718	1770991	49760	3
49719	1770991	49760	3
49720	1770989	49760	3
49721	1770989	49760	3
49722	1770990	49760	3
49723	1770991	49760	3
49724	1770991	49760	3
49725	1770989	49760	3
49726	1770989	49760	3
49727	1770990	49760	3
49728	1770991	49760	3
49729	1770991	49760	3
49730	1770989	49760	3
49731	1770989	49760	3
49732	1770990	49760	3
49733	1770991	49760	3
49734	1770991	49760	3
